"","yr_type","type","yr","FisheryName","ts","ff","area_code","var","val"
"1","2021_pre","pre","2021","Area 7 Spt",5,2,"07","Quota",0
"2","2021_pre","pre","2021","Area 5 Spt",2,7,"05","MSFQuota",1795.66572
"3","2021_pre","pre","2021","Area 6 Spt",3,7,"06","MSFQuota",534.73669
"4","2021_pre","pre","2021","Area 7 Spt",3,8,"07","MSFQuota",627
"5","2021_pre","pre","2021","Area 7 Spt",2,8,"07","MSFQuota",96
"6","2021_pre","pre","2021","Area 7 Spt",1,2,"07","Quota",0
"7","2021_pre","pre","2021","Area 6 Spt",5,2,"06","Quota",0
"8","2021_pre","pre","2021","Area 6 Spt",4,7,"06","MSFQuota",1977.08576
"9","2021_pre","pre","2021","Area 7 Spt",4,8,"07","MSFQuota",1802
"10","2021_pre","pre","2021","Area 6 Spt",2,7,"06","MSFQuota",69.4033
"11","2021_pre","pre","2021","Area 6 Spt",1,2,"06","Quota",0
"12","2021_pre","pre","2021","Area 5 Spt",5,2,"05","Quota",0
"13","2021_pre","pre","2021","Area 5 Spt",3,7,"05","MSFQuota",5326.11741
"14","2021_pre","pre","2021","Ar 10  Spt",5,2,"10","Quota",1374
"15","2021_pre","pre","2021","Ar 10  Spt",4,2,"10","Quota",12036
"16","2021_pre","pre","2021","Ar 8-2 Spt",1,2,"82","Quota",0
"17","2021_pre","pre","2021","Ar 13  Spt",4,8,"13","MSFQuota",198
"18","2021_pre","pre","2021","Area 5 Spt",4,7,"05","MSFQuota",9356.1937
"19","2021_pre","pre","2021","Ar 11  Spt",5,2,"11","Quota",201
"20","2021_pre","pre","2021","Ar 12  Spt",5,2,"12","Quota",249
"21","2021_pre","pre","2021","Ar 12  Spt",4,2,"12","Quota",1243
"22","2021_pre","pre","2021","Ar 12  Spt",3,2,"12","Quota",631
"23","2021_pre","pre","2021","Ar 13  Spt",5,8,"13","MSFQuota",214
"24","2021_pre","pre","2021","Ar 10  Spt",1,2,"10","Quota",4005
"25","2021_pre","pre","2021","Ar 13  Spt",2,8,"13","MSFQuota",41
"26","2021_pre","pre","2021","Ar 13  Spt",1,8,"13","MSFQuota",227
"27","2021_pre","pre","2021","Ar 8-2 Spt",2,2,"82","Quota",0
"28","2021_pre","pre","2021","Ar 11  Spt",4,2,"11","Quota",1371
"29","2021_pre","pre","2021","Ar 11  Spt",3,2,"11","Quota",687
"30","2021_pre","pre","2021","Ar 11  Spt",2,2,"11","Quota",151
"31","2021_pre","pre","2021","Ar 11  Spt",1,2,"11","Quota",15
"32","2021_pre","pre","2021","Ar 8-2 Spt",5,2,"82","Quota",0
"33","2021_pre","pre","2021","Ar 8-2 Spt",4,7,"82","MSFQuota",1618.79976
"34","2021_pre","pre","2021","Ar 8-2 Spt",3,7,"82","MSFQuota",199.60637
"35","2021_pre","pre","2021","Ar 13  Spt",3,8,"13","MSFQuota",57
"36","2021_pre","pre","2021","Ar 8-1 Spt",4,2,"81","Quota",1842
"37","2021_pre","pre","2021","Ar 10  Spt",2,2,"10","Quota",3826
"38","2021_pre","pre","2021","Ar 8-1 Spt",1,2,"81","Quota",0
"39","2021_pre","pre","2021","Ar 10  Spt",3,2,"10","Quota",3587
"40","2021_pre","pre","2021","Ar 8-1 Spt",3,2,"81","Quota",580
"41","2021_pre","pre","2021","Area 5 Spt",1,2,"05","Quota",0
"42","2021_pre","pre","2021","Ar 8-1 Spt",5,2,"81","Quota",0
"43","2021_pre","pre","2021","Area 9 Spt",1,2,"09","Quota",0
"44","2021_pre","pre","2021","Area 9 Spt",2,8,"09","MSFQuota",472
"45","2021_pre","pre","2021","Area 9 Spt",3,8,"09","MSFQuota",2166
"46","2021_pre","pre","2021","Area 9 Spt",4,8,"09","MSFQuota",10815
"47","2021_pre","pre","2021","Area 9 Spt",5,2,"09","Quota",0
"48","2021_pre","pre","2021","Ar 8-1 Spt",2,2,"81","Quota",0
"49","2022_pre","pre","2022","Area 9 Spt",1,2,"09","Quota",0
"50","2022_pre","pre","2022","Ar 8-1 Spt",5,2,"81","Quota",65
"51","2022_pre","pre","2022","Ar 8-1 Spt",4,2,"81","Quota",2518
"52","2022_pre","pre","2022","Ar 8-1 Spt",3,2,"81","Quota",289
"53","2022_pre","pre","2022","Ar 8-1 Spt",2,2,"81","Quota",0
"54","2022_pre","pre","2022","Ar 8-1 Spt",1,2,"81","Quota",0
"55","2022_pre","pre","2022","Ar 11  Spt",5,2,"11","Quota",93
"56","2022_pre","pre","2022","Area 9 Spt",2,8,"09","MSFQuota",1224
"57","2022_pre","pre","2022","Ar 11  Spt",3,2,"11","Quota",1163
"58","2022_pre","pre","2022","Ar 13  Spt",3,8,"13","MSFQuota",50
"59","2022_pre","pre","2022","Ar 11  Spt",4,2,"11","Quota",2960
"60","2022_pre","pre","2022","Area 9 Spt",3,8,"09","MSFQuota",2718
"61","2022_pre","pre","2022","Area 9 Spt",4,8,"09","MSFQuota",5873
"62","2022_pre","pre","2022","Area 9 Spt",5,2,"09","Quota",0
"63","2022_pre","pre","2022","Ar 8-2 Spt",1,2,"82","Quota",0
"64","2022_pre","pre","2022","Area 5 Spt",1,2,"05","Quota",0
"65","2022_pre","pre","2022","Ar 13  Spt",2,8,"13","MSFQuota",22
"66","2022_pre","pre","2022","Area 6 Spt",4,8,"06","MSFQuota",5915
"67","2022_pre","pre","2022","Ar 13  Spt",4,8,"13","MSFQuota",325
"68","2022_pre","pre","2022","Ar 13  Spt",5,8,"13","MSFQuota",71
"69","2022_pre","pre","2022","Ar 12  Spt",3,2,"12","Quota",1981
"70","2022_pre","pre","2022","Ar 12  Spt",4,2,"12","Quota",4837
"71","2022_pre","pre","2022","Ar 12  Spt",5,2,"12","Quota",803
"72","2022_pre","pre","2022","Ar 13  Spt",1,8,"13","MSFQuota",290
"73","2022_pre","pre","2022","Area 7 Spt",5,2,"07","Quota",0
"74","2022_pre","pre","2022","Ar 11  Spt",2,2,"11","Quota",337
"75","2022_pre","pre","2022","Ar 11  Spt",1,2,"11","Quota",7
"76","2022_pre","pre","2022","Ar 10  Spt",5,2,"10","Quota",567
"77","2022_pre","pre","2022","Ar 10  Spt",4,2,"10","Quota",11837
"78","2022_pre","pre","2022","Ar 10  Spt",3,2,"10","Quota",5339
"79","2022_pre","pre","2022","Ar 10  Spt",2,2,"10","Quota",3658
"80","2022_pre","pre","2022","Ar 10  Spt",1,2,"10","Quota",3260
"81","2022_pre","pre","2022","Ar 8-2 Spt",5,2,"82","Quota",0
"82","2022_pre","pre","2022","Ar 8-2 Spt",4,8,"82","MSFQuota",2752
"83","2022_pre","pre","2022","Area 6 Spt",2,8,"06","MSFQuota",44
"84","2022_pre","pre","2022","Ar 8-2 Spt",2,2,"82","Quota",0
"85","2022_pre","pre","2022","Area 5 Spt",2,8,"05","MSFQuota",433
"86","2022_pre","pre","2022","Area 7 Spt",4,8,"07","MSFQuota",3739
"87","2022_pre","pre","2022","Area 7 Spt",3,8,"07","MSFQuota",488
"88","2022_pre","pre","2022","Area 7 Spt",2,8,"07","MSFQuota",91
"89","2022_pre","pre","2022","Area 7 Spt",1,2,"07","Quota",0
"90","2022_pre","pre","2022","Area 6 Spt",5,2,"06","Quota",0
"91","2022_pre","pre","2022","Area 6 Spt",3,8,"06","MSFQuota",717
"92","2022_pre","pre","2022","Area 6 Spt",1,2,"06","Quota",0
"93","2022_pre","pre","2022","Area 5 Spt",5,2,"05","Quota",0
"94","2022_pre","pre","2022","Area 5 Spt",4,8,"05","MSFQuota",15248
"95","2022_pre","pre","2022","Area 5 Spt",3,8,"05","MSFQuota",2881
"96","2022_pre","pre","2022","Ar 8-2 Spt",3,8,"82","MSFQuota",249
"97","2004_pre","pre","2004","Ar 8-2 Spt",4,2,"82","Quota",6328
"98","2004_pre","pre","2004","Ar 11  Spt",4,2,"11","Quota",3782
"99","2004_pre","pre","2004","Area 9 Spt",3,2,"09","Quota",6640
"100","2004_pre","pre","2004","Area 9 Spt",4,2,"09","Quota",10035
"101","2004_pre","pre","2004","Area 9 Spt",5,2,"09","Quota",2416
"102","2004_pre","pre","2004","Ar 13  Spt",3,7,"13","MSFQuota",281.02663
"103","2004_pre","pre","2004","Ar 13  Spt",4,7,"13","MSFQuota",469.2432
"104","2004_pre","pre","2004","Ar 13  Spt",5,7,"13","MSFQuota",324.92898
"105","2004_pre","pre","2004","Ar 8-2 Spt",1,2,"82","Quota",33
"106","2004_pre","pre","2004","Area 9 Spt",1,2,"09","Quota",74
"107","2004_pre","pre","2004","Ar 8-2 Spt",3,2,"82","Quota",1271
"108","2004_pre","pre","2004","Ar 8-1 Spt",5,2,"81","Quota",581
"109","2004_pre","pre","2004","Ar 8-2 Spt",5,2,"82","Quota",1761
"110","2004_pre","pre","2004","Ar 10  Spt",1,2,"10","Quota",201
"111","2004_pre","pre","2004","Ar 12  Spt",5,2,"12","Quota",597
"112","2004_pre","pre","2004","Ar 12  Spt",4,2,"12","Quota",991
"113","2004_pre","pre","2004","Ar 12  Spt",3,2,"12","Quota",499
"114","2004_pre","pre","2004","Ar 12  Spt",2,2,"12","Quota",64
"115","2004_pre","pre","2004","Ar 13  Spt",2,7,"13","MSFQuota",219.44342
"116","2004_pre","pre","2004","Ar 11  Spt",5,2,"11","Quota",1223
"117","2004_pre","pre","2004","Ar 8-2 Spt",2,2,"82","Quota",0
"118","2004_pre","pre","2004","Area 7 Spt",1,2,"07","Quota",0
"119","2004_pre","pre","2004","Area 5 Spt",1,2,"05","Quota",130
"120","2004_pre","pre","2004","Area 5 Spt",2,7,"05","MSFQuota",5178.81392
"121","2004_pre","pre","2004","Area 5 Spt",3,7,"05","MSFQuota",8398.45601
"122","2004_pre","pre","2004","Area 5 Spt",4,7,"05","MSFQuota",16481.34123
"123","2004_pre","pre","2004","Area 5 Spt",5,2,"05","Quota",24
"124","2004_pre","pre","2004","Area 6 Spt",1,2,"06","Quota",25
"125","2004_pre","pre","2004","Area 6 Spt",2,7,"06","MSFQuota",871.40739
"126","2004_pre","pre","2004","Area 6 Spt",3,7,"06","MSFQuota",1607.50827
"127","2004_pre","pre","2004","Area 9 Spt",2,2,"09","Quota",3039
"128","2004_pre","pre","2004","Area 6 Spt",5,2,"06","Quota",2
"129","2004_pre","pre","2004","Ar 13  Spt",1,2,"13","Quota",245
"130","2004_pre","pre","2004","Area 7 Spt",2,2,"07","Quota",751
"131","2004_pre","pre","2004","Area 7 Spt",3,7,"07","MSFQuota",417.75079
"132","2004_pre","pre","2004","Area 7 Spt",4,7,"07","MSFQuota",575.89237
"133","2004_pre","pre","2004","Area 7 Spt",5,2,"07","Quota",1092
"134","2004_pre","pre","2004","Ar 8-1 Spt",1,2,"81","Quota",5
"135","2004_pre","pre","2004","Ar 8-1 Spt",2,2,"81","Quota",0
"136","2004_pre","pre","2004","Ar 8-1 Spt",3,2,"81","Quota",343
"137","2004_pre","pre","2004","Ar 8-1 Spt",4,2,"81","Quota",963
"138","2004_pre","pre","2004","Area 6 Spt",4,7,"06","MSFQuota",2738.88056
"139","2004_pre","pre","2004","Ar 10  Spt",3,2,"10","Quota",5886
"140","2004_pre","pre","2004","Ar 10  Spt",2,2,"10","Quota",4025
"141","2004_pre","pre","2004","Ar 11  Spt",3,2,"11","Quota",1705
"142","2004_pre","pre","2004","Ar 10  Spt",4,2,"10","Quota",8231
"143","2004_pre","pre","2004","Ar 12  Spt",1,2,"12","Quota",2
"144","2004_pre","pre","2004","Ar 10  Spt",5,2,"10","Quota",2906
"145","2004_pre","pre","2004","Ar 11  Spt",1,2,"11","Quota",147
"146","2004_pre","pre","2004","Ar 11  Spt",2,2,"11","Quota",675
"147","2005_pre","pre","2005","Area 7 Spt",4,7,"07","MSFQuota",616.04629
"148","2005_pre","pre","2005","Ar 13  Spt",4,7,"13","MSFQuota",533.56353
"149","2005_pre","pre","2005","Area 9 Spt",3,2,"09","Quota",6300
"150","2005_pre","pre","2005","Ar 8-1 Spt",1,2,"81","Quota",7
"151","2005_pre","pre","2005","Ar 8-1 Spt",3,2,"81","Quota",341
"152","2005_pre","pre","2005","Ar 8-1 Spt",5,2,"81","Quota",588
"153","2005_pre","pre","2005","Area 9 Spt",1,2,"09","Quota",73
"154","2005_pre","pre","2005","Area 9 Spt",2,2,"09","Quota",0
"155","2005_pre","pre","2005","Area 7 Spt",5,2,"07","Quota",1085
"156","2005_pre","pre","2005","Area 9 Spt",4,2,"09","Quota",10182
"157","2005_pre","pre","2005","Area 9 Spt",5,2,"09","Quota",2487
"158","2005_pre","pre","2005","Area 7 Spt",3,7,"07","MSFQuota",485.94768
"159","2005_pre","pre","2005","Ar 13  Spt",3,7,"13","MSFQuota",286.14991
"160","2005_pre","pre","2005","Area 6 Spt",3,7,"06","MSFQuota",1041.26154
"161","2005_pre","pre","2005","Ar 13  Spt",5,7,"13","MSFQuota",316.96987
"162","2005_pre","pre","2005","Ar 11  Spt",2,2,"11","Quota",675
"163","2005_pre","pre","2005","Ar 11  Spt",1,2,"11","Quota",203
"164","2005_pre","pre","2005","Ar 10  Spt",5,2,"10","Quota",2726
"165","2005_pre","pre","2005","Ar 10  Spt",4,2,"10","Quota",7722
"166","2005_pre","pre","2005","Ar 10  Spt",3,2,"10","Quota",5886
"167","2005_pre","pre","2005","Ar 13  Spt",2,7,"13","MSFQuota",222.4583
"168","2005_pre","pre","2005","Ar 12  Spt",5,2,"12","Quota",644
"169","2005_pre","pre","2005","Ar 8-1 Spt",2,2,"81","Quota",0
"170","2005_pre","pre","2005","Ar 10  Spt",2,2,"10","Quota",4025
"171","2005_pre","pre","2005","Ar 11  Spt",4,2,"11","Quota",3696
"172","2005_pre","pre","2005","Ar 11  Spt",5,2,"11","Quota",1161
"173","2005_pre","pre","2005","Ar 11  Spt",3,2,"11","Quota",1728
"174","2005_pre","pre","2005","Ar 13  Spt",1,2,"13","Quota",294
"175","2005_pre","pre","2005","Ar 12  Spt",1,2,"12","Quota",3
"176","2005_pre","pre","2005","Ar 12  Spt",2,2,"12","Quota",64
"177","2005_pre","pre","2005","Area 6 Spt",5,2,"06","Quota",5
"178","2005_pre","pre","2005","Ar 12  Spt",4,2,"12","Quota",1118
"179","2005_pre","pre","2005","Area 7 Spt",2,2,"07","Quota",934
"180","2005_pre","pre","2005","Area 5 Spt",1,2,"05","Quota",117
"181","2005_pre","pre","2005","Area 5 Spt",2,7,"05","MSFQuota",5514.6122
"182","2005_pre","pre","2005","Area 5 Spt",3,7,"05","MSFQuota",8887.24946
"183","2005_pre","pre","2005","Area 5 Spt",4,7,"05","MSFQuota",16137.76064
"184","2005_pre","pre","2005","Area 5 Spt",5,2,"05","Quota",25
"185","2005_pre","pre","2005","Area 6 Spt",1,2,"06","Quota",23
"186","2005_pre","pre","2005","Area 6 Spt",2,7,"06","MSFQuota",142.65219
"187","2005_pre","pre","2005","Area 6 Spt",4,7,"06","MSFQuota",1821.18597
"188","2005_pre","pre","2005","Area 7 Spt",1,2,"07","Quota",0
"189","2005_pre","pre","2005","Ar 12  Spt",3,2,"12","Quota",499
"190","2005_pre","pre","2005","Ar 8-2 Spt",5,2,"82","Quota",1781
"191","2005_pre","pre","2005","Ar 8-2 Spt",4,2,"82","Quota",6286
"192","2005_pre","pre","2005","Ar 8-2 Spt",3,2,"82","Quota",1260
"193","2005_pre","pre","2005","Ar 8-2 Spt",2,2,"82","Quota",121
"194","2005_pre","pre","2005","Ar 8-2 Spt",1,2,"82","Quota",36
"195","2005_pre","pre","2005","Ar 8-1 Spt",4,2,"81","Quota",916
"196","2005_pre","pre","2005","Ar 10  Spt",1,2,"10","Quota",132
"197","2006_pre","pre","2006","Area 9 Spt",5,2,"09","Quota",2449
"198","2006_pre","pre","2006","Ar 8-1 Spt",5,2,"81","Quota",543
"199","2006_pre","pre","2006","Area 9 Spt",1,2,"09","Quota",68
"200","2006_pre","pre","2006","Area 9 Spt",2,2,"09","Quota",2276
"201","2006_pre","pre","2006","Ar 8-1 Spt",4,2,"81","Quota",835
"202","2006_pre","pre","2006","Area 9 Spt",4,2,"09","Quota",9930
"203","2006_pre","pre","2006","Area 7 Spt",5,2,"07","Quota",1077
"204","2006_pre","pre","2006","Ar 10  Spt",5,2,"10","Quota",2509
"205","2006_pre","pre","2006","Area 9 Spt",3,2,"09","Quota",5954
"206","2006_pre","pre","2006","Ar 8-1 Spt",3,2,"81","Quota",322
"207","2006_pre","pre","2006","Ar 13  Spt",1,2,"13","Quota",379
"208","2006_pre","pre","2006","Ar 8-1 Spt",1,2,"81","Quota",7
"209","2006_pre","pre","2006","Ar 12  Spt",3,2,"12","Quota",499
"210","2006_pre","pre","2006","Area 7 Spt",4,7,"07","MSFQuota",655.96434
"211","2006_pre","pre","2006","Area 7 Spt",3,7,"07","MSFQuota",512.99061
"212","2006_pre","pre","2006","Area 7 Spt",2,2,"07","Quota",695
"213","2006_pre","pre","2006","Area 7 Spt",1,2,"07","Quota",0
"214","2006_pre","pre","2006","Area 6 Spt",5,2,"06","Quota",5116
"215","2006_pre","pre","2006","Area 6 Spt",4,7,"06","MSFQuota",1799.70558
"216","2006_pre","pre","2006","Area 6 Spt",3,7,"06","MSFQuota",1007.81172
"217","2006_pre","pre","2006","Ar 8-1 Spt",2,2,"81","Quota",0
"218","2006_pre","pre","2006","Ar 10  Spt",1,2,"10","Quota",108
"219","2006_pre","pre","2006","Ar 12  Spt",2,2,"12","Quota",64
"220","2006_pre","pre","2006","Ar 12  Spt",1,2,"12","Quota",3
"221","2006_pre","pre","2006","Ar 11  Spt",5,2,"11","Quota",1099
"222","2006_pre","pre","2006","Ar 11  Spt",4,2,"11","Quota",3616
"223","2006_pre","pre","2006","Ar 11  Spt",3,2,"11","Quota",1780
"224","2006_pre","pre","2006","Ar 11  Spt",2,2,"11","Quota",675
"225","2006_pre","pre","2006","Ar 11  Spt",1,2,"11","Quota",199
"226","2006_pre","pre","2006","Ar 10  Spt",4,2,"10","Quota",7414
"227","2006_pre","pre","2006","Ar 13  Spt",4,7,"13","MSFQuota",460.52616
"228","2006_pre","pre","2006","Ar 10  Spt",2,2,"10","Quota",4025
"229","2006_pre","pre","2006","Ar 13  Spt",2,7,"13","MSFQuota",225.95053
"230","2006_pre","pre","2006","Ar 8-2 Spt",5,2,"82","Quota",1692
"231","2006_pre","pre","2006","Ar 8-2 Spt",4,2,"82","Quota",6096
"232","2006_pre","pre","2006","Ar 8-2 Spt",2,2,"82","Quota",121
"233","2006_pre","pre","2006","Ar 12  Spt",5,2,"12","Quota",717
"234","2006_pre","pre","2006","Ar 12  Spt",4,2,"12","Quota",1218
"235","2006_pre","pre","2006","Ar 8-2 Spt",1,2,"82","Quota",34
"236","2006_pre","pre","2006","Ar 13  Spt",5,2,"13","Quota",446
"237","2006_pre","pre","2006","Area 6 Spt",2,7,"06","MSFQuota",115.09354
"238","2006_pre","pre","2006","Ar 13  Spt",3,7,"13","MSFQuota",285.49996
"239","2006_pre","pre","2006","Ar 10  Spt",3,2,"10","Quota",5886
"240","2006_pre","pre","2006","Area 5 Spt",5,2,"05","Quota",24
"241","2006_pre","pre","2006","Area 5 Spt",4,7,"05","MSFQuota",16176.9906
"242","2006_pre","pre","2006","Area 5 Spt",3,7,"05","MSFQuota",8517.11809
"243","2006_pre","pre","2006","Area 5 Spt",2,7,"05","MSFQuota",5366.75028
"244","2006_pre","pre","2006","Area 5 Spt",1,2,"05","Quota",107
"245","2006_pre","pre","2006","Ar 8-2 Spt",3,2,"82","Quota",1222
"246","2006_pre","pre","2006","Area 6 Spt",1,2,"06","Quota",20
"247","2007_pre","pre","2007","Ar 8-2 Spt",1,2,"82","Quota",32
"248","2007_pre","pre","2007","Ar 11  Spt",2,2,"11","Quota",566
"249","2007_pre","pre","2007","Ar 10  Spt",3,2,"10","Quota",2842
"250","2007_pre","pre","2007","Ar 10  Spt",1,2,"10","Quota",117
"251","2007_pre","pre","2007","Ar 8-2 Spt",5,2,"82","Quota",61
"252","2007_pre","pre","2007","Ar 8-2 Spt",4,2,"82","Quota",5829
"253","2007_pre","pre","2007","Ar 11  Spt",3,2,"11","Quota",1715
"254","2007_pre","pre","2007","Ar 8-2 Spt",2,2,"82","Quota",89
"255","2007_pre","pre","2007","Ar 10  Spt",4,2,"10","Quota",6944
"256","2007_pre","pre","2007","Area 7 Spt",5,2,"07","Quota",1029
"257","2007_pre","pre","2007","Area 7 Spt",4,7,"07","MSFQuota",747.94213
"258","2007_pre","pre","2007","Area 7 Spt",3,7,"07","MSFQuota",527.52476
"259","2007_pre","pre","2007","Ar 8-2 Spt",3,2,"82","Quota",1162
"260","2007_pre","pre","2007","Ar 13  Spt",3,7,"13","MSFQuota",327.28134
"261","2007_pre","pre","2007","Area 5 Spt",2,7,"05","MSFQuota",1601.7226
"262","2007_pre","pre","2007","Ar 12  Spt",5,2,"12","Quota",647
"263","2007_pre","pre","2007","Ar 12  Spt",4,2,"12","Quota",1309
"264","2007_pre","pre","2007","Ar 12  Spt",3,2,"12","Quota",645
"265","2007_pre","pre","2007","Ar 12  Spt",2,2,"12","Quota",4
"266","2007_pre","pre","2007","Ar 11  Spt",5,2,"11","Quota",1050
"267","2007_pre","pre","2007","Ar 13  Spt",4,7,"13","MSFQuota",466.23706
"268","2007_pre","pre","2007","Ar 11  Spt",4,2,"11","Quota",3463
"269","2007_pre","pre","2007","Ar 13  Spt",2,7,"13","MSFQuota",268.60308
"270","2007_pre","pre","2007","Ar 13  Spt",1,2,"13","Quota",362
"271","2007_pre","pre","2007","Ar 10  Spt",5,2,"10","Quota",2350
"272","2007_pre","pre","2007","Ar 10  Spt",2,2,"10","Quota",1496
"273","2007_pre","pre","2007","Ar 12  Spt",1,2,"12","Quota",2
"274","2007_pre","pre","2007","Area 5 Spt",1,2,"05","Quota",100
"275","2007_pre","pre","2007","Ar 13  Spt",5,7,"13","MSFQuota",316.29522
"276","2007_pre","pre","2007","Area 6 Spt",5,2,"06","Quota",2456
"277","2007_pre","pre","2007","Area 9 Spt",2,2,"09","Quota",2276
"278","2007_pre","pre","2007","Area 9 Spt",1,2,"09","Quota",73
"279","2007_pre","pre","2007","Ar 8-1 Spt",5,2,"81","Quota",46
"280","2007_pre","pre","2007","Area 5 Spt",4,7,"05","MSFQuota",4188.00802
"281","2007_pre","pre","2007","Ar 8-1 Spt",3,2,"81","Quota",299
"282","2007_pre","pre","2007","Ar 8-1 Spt",1,2,"81","Quota",6
"283","2007_pre","pre","2007","Area 9 Spt",3,2,"09","Quota",5599
"284","2007_pre","pre","2007","Area 7 Spt",1,2,"07","Quota",1
"285","2007_pre","pre","2007","Ar 8-1 Spt",4,2,"81","Quota",781
"286","2007_pre","pre","2007","Area 6 Spt",4,7,"06","MSFQuota",398.1641
"287","2007_pre","pre","2007","Area 6 Spt",3,7,"06","MSFQuota",151.04194
"288","2007_pre","pre","2007","Area 6 Spt",2,7,"06","MSFQuota",15.09435
"289","2007_pre","pre","2007","Area 6 Spt",1,2,"06","Quota",19
"290","2007_pre","pre","2007","Area 5 Spt",5,2,"05","Quota",21
"291","2007_pre","pre","2007","Ar 11  Spt",1,2,"11","Quota",78
"292","2007_pre","pre","2007","Area 7 Spt",2,2,"07","Quota",652
"293","2007_pre","pre","2007","Area 9 Spt",5,2,"09","Quota",2417
"294","2007_pre","pre","2007","Area 9 Spt",4,2,"09","Quota",9660
"295","2007_pre","pre","2007","Area 5 Spt",3,7,"05","MSFQuota",3935.01267
"296","2007_pre","pre","2007","Ar 8-1 Spt",2,2,"81","Quota",0
"297","2008_pre","pre","2008","Area 7 Spt",5,2,"07","Quota",1029
"298","2008_pre","pre","2008","Ar 12  Spt",2,1,"12","Quota",0
"299","2008_pre","pre","2008","Ar 12  Spt",3,2,"12","Quota",489
"300","2008_pre","pre","2008","Ar 8-1 Spt",4,2,"81","Quota",341
"301","2008_pre","pre","2008","Ar 12  Spt",4,2,"12","Quota",1629
"302","2008_pre","pre","2008","Ar 11  Spt",4,2,"11","Quota",1689
"303","2008_pre","pre","2008","Area 7 Spt",4,7,"07","MSFQuota",685.2499
"304","2008_pre","pre","2008","Area 7 Spt",3,7,"07","MSFQuota",404.10606
"305","2008_pre","pre","2008","Area 7 Spt",2,2,"07","Quota",20
"306","2008_pre","pre","2008","Area 7 Spt",1,2,"07","Quota",1
"307","2008_pre","pre","2008","Area 6 Spt",5,2,"06","Quota",2456
"308","2008_pre","pre","2008","Ar 8-1 Spt",3,2,"81","Quota",158
"309","2008_pre","pre","2008","Ar 11  Spt",5,2,"11","Quota",269
"310","2008_pre","pre","2008","Ar 11  Spt",3,2,"11","Quota",1414
"311","2008_pre","pre","2008","Ar 11  Spt",2,2,"11","Quota",437
"312","2008_pre","pre","2008","Ar 8-1 Spt",5,2,"81","Quota",411
"313","2008_pre","pre","2008","Ar 11  Spt",1,2,"11","Quota",71
"314","2008_pre","pre","2008","Area 9 Spt",1,2,"09","Quota",65
"315","2008_pre","pre","2008","Area 6 Spt",4,7,"06","MSFQuota",483.84242
"316","2008_pre","pre","2008","Area 9 Spt",5,2,"09","Quota",1744
"317","2008_pre","pre","2008","Area 9 Spt",4,7,"09","MSFQuota",1598.92231
"318","2008_pre","pre","2008","Area 9 Spt",3,7,"09","MSFQuota",1277.1125
"319","2008_pre","pre","2008","Area 9 Spt",2,7,"09","MSFQuota",374.26491
"320","2008_pre","pre","2008","Ar 12  Spt",1,1,"12","Quota",0
"321","2008_pre","pre","2008","Ar 8-2 Spt",1,2,"82","Quota",30
"322","2008_pre","pre","2008","Ar 10  Spt",5,2,"10","Quota",882
"323","2008_pre","pre","2008","Ar 13  Spt",1,2,"13","Quota",338
"324","2008_pre","pre","2008","Ar 13  Spt",2,7,"13","MSFQuota",262.03527
"325","2008_pre","pre","2008","Ar 13  Spt",3,7,"13","MSFQuota",318.79227
"326","2008_pre","pre","2008","Ar 13  Spt",4,7,"13","MSFQuota",439.9689
"327","2008_pre","pre","2008","Ar 13  Spt",5,7,"13","MSFQuota",303.12104
"328","2008_pre","pre","2008","Ar 10  Spt",3,2,"10","Quota",1957
"329","2008_pre","pre","2008","Ar 10  Spt",2,2,"10","Quota",1345
"330","2008_pre","pre","2008","Ar 10  Spt",1,2,"10","Quota",90
"331","2008_pre","pre","2008","Ar 8-2 Spt",5,2,"82","Quota",643
"332","2008_pre","pre","2008","Ar 8-2 Spt",4,2,"82","Quota",3285
"333","2008_pre","pre","2008","Ar 8-1 Spt",2,2,"81","Quota",0
"334","2008_pre","pre","2008","Ar 8-2 Spt",2,2,"82","Quota",54
"335","2008_pre","pre","2008","Area 6 Spt",3,7,"06","MSFQuota",164.2715
"336","2008_pre","pre","2008","Ar 12  Spt",5,2,"12","Quota",891
"337","2008_pre","pre","2008","Ar 10  Spt",4,2,"10","Quota",3852
"338","2008_pre","pre","2008","Ar 8-1 Spt",1,2,"81","Quota",6
"339","2008_pre","pre","2008","Area 5 Spt",1,2,"05","Quota",93
"340","2008_pre","pre","2008","Area 5 Spt",2,7,"05","MSFQuota",2180.45893
"341","2008_pre","pre","2008","Area 5 Spt",3,7,"05","MSFQuota",4725.95676
"342","2008_pre","pre","2008","Area 5 Spt",4,7,"05","MSFQuota",5332.12973
"343","2008_pre","pre","2008","Area 5 Spt",5,2,"05","Quota",19
"344","2008_pre","pre","2008","Area 6 Spt",1,2,"06","Quota",18
"345","2008_pre","pre","2008","Area 6 Spt",2,7,"06","MSFQuota",21.43537
"346","2008_pre","pre","2008","Ar 8-2 Spt",3,2,"82","Quota",576
"347","2009_pre","pre","2009","Ar 13  Spt",1,2,"13","Quota",338
"348","2009_pre","pre","2009","Area 6 Spt",3,7,"06","MSFQuota",183.9745
"349","2009_pre","pre","2009","Ar 11  Spt",5,2,"11","Quota",296
"350","2009_pre","pre","2009","Ar 11  Spt",4,2,"11","Quota",1796
"351","2009_pre","pre","2009","Ar 11  Spt",3,2,"11","Quota",1681
"352","2009_pre","pre","2009","Ar 11  Spt",2,2,"11","Quota",601
"353","2009_pre","pre","2009","Ar 11  Spt",1,2,"11","Quota",41
"354","2009_pre","pre","2009","Ar 8-1 Spt",1,2,"81","Quota",0
"355","2009_pre","pre","2009","Area 7 Spt",5,7,"07","MSFQuota",229.1939
"356","2009_pre","pre","2009","Area 7 Spt",4,7,"07","MSFQuota",135.982
"357","2009_pre","pre","2009","Area 7 Spt",3,7,"07","MSFQuota",40.1346
"358","2009_pre","pre","2009","Ar 12  Spt",4,2,"12","Quota",1596
"359","2009_pre","pre","2009","Area 6 Spt",4,7,"06","MSFQuota",419.7452
"360","2009_pre","pre","2009","Area 7 Spt",2,2,"07","Quota",36
"361","2009_pre","pre","2009","Area 6 Spt",2,7,"06","MSFQuota",36.4688
"362","2009_pre","pre","2009","Area 6 Spt",1,2,"06","Quota",0
"363","2009_pre","pre","2009","Area 5 Spt",5,2,"05","Quota",1736
"364","2009_pre","pre","2009","Area 5 Spt",4,7,"05","MSFQuota",7054.344
"365","2009_pre","pre","2009","Area 5 Spt",3,7,"05","MSFQuota",5506.5908
"366","2009_pre","pre","2009","Area 5 Spt",2,7,"05","MSFQuota",2170.096
"367","2009_pre","pre","2009","Area 5 Spt",1,2,"05","Quota",4
"368","2009_pre","pre","2009","Ar 13  Spt",3,7,"13","MSFQuota",49.9608
"369","2009_pre","pre","2009","Ar 12  Spt",5,2,"12","Quota",798
"370","2009_pre","pre","2009","Area 7 Spt",1,2,"07","Quota",1
"371","2009_pre","pre","2009","Area 9 Spt",5,2,"09","Quota",1788
"372","2009_pre","pre","2009","Ar 8-1 Spt",2,2,"81","Quota",0
"373","2009_pre","pre","2009","Area 6 Spt",5,2,"06","Quota",241
"374","2009_pre","pre","2009","Ar 13  Spt",2,7,"13","MSFQuota",49.5884
"375","2009_pre","pre","2009","Ar 8-1 Spt",4,2,"81","Quota",336
"376","2009_pre","pre","2009","Ar 8-1 Spt",5,2,"81","Quota",411
"377","2009_pre","pre","2009","Area 9 Spt",1,2,"09","Quota",24
"378","2009_pre","pre","2009","Area 9 Spt",2,2,"09","Quota",1156
"379","2009_pre","pre","2009","Area 9 Spt",4,2,"09","Quota",6917
"380","2009_pre","pre","2009","Ar 8-1 Spt",3,2,"81","Quota",167
"381","2009_pre","pre","2009","Ar 8-2 Spt",1,2,"82","Quota",2
"382","2009_pre","pre","2009","Ar 8-2 Spt",2,2,"82","Quota",56
"383","2009_pre","pre","2009","Ar 10  Spt",5,2,"10","Quota",861
"384","2009_pre","pre","2009","Ar 13  Spt",4,7,"13","MSFQuota",228.5424
"385","2009_pre","pre","2009","Ar 13  Spt",5,7,"13","MSFQuota",179.807
"386","2009_pre","pre","2009","Area 9 Spt",3,2,"09","Quota",2285
"387","2009_pre","pre","2009","Ar 12  Spt",3,2,"12","Quota",390
"388","2009_pre","pre","2009","Ar 8-2 Spt",3,2,"82","Quota",579
"389","2009_pre","pre","2009","Ar 10  Spt",4,2,"10","Quota",3670
"390","2009_pre","pre","2009","Ar 10  Spt",3,2,"10","Quota",1969
"391","2009_pre","pre","2009","Ar 10  Spt",2,2,"10","Quota",1444
"392","2009_pre","pre","2009","Ar 10  Spt",1,2,"10","Quota",3
"393","2009_pre","pre","2009","Ar 8-2 Spt",5,2,"82","Quota",643
"394","2009_pre","pre","2009","Ar 8-2 Spt",4,2,"82","Quota",3184
"395","2010_pre","pre","2010","Ar 8-2 Spt",2,2,"82","Quota",23
"396","2010_pre","pre","2010","Area 5 Spt",3,7,"05","MSFQuota",7344.2993
"397","2010_pre","pre","2010","Area 5 Spt",2,7,"05","MSFQuota",3462.5106
"398","2010_pre","pre","2010","Ar 8-1 Spt",5,2,"81","Quota",58
"399","2010_pre","pre","2010","Area 9 Spt",1,2,"09","Quota",7
"400","2010_pre","pre","2010","Area 9 Spt",2,2,"09","Quota",1160
"401","2010_pre","pre","2010","Area 9 Spt",3,2,"09","Quota",2285
"402","2010_pre","pre","2010","Area 9 Spt",4,2,"09","Quota",6917
"403","2010_pre","pre","2010","Area 9 Spt",5,2,"09","Quota",1211
"404","2010_pre","pre","2010","Ar 8-2 Spt",1,2,"82","Quota",2
"405","2010_pre","pre","2010","Area 5 Spt",1,2,"05","Quota",2
"406","2010_pre","pre","2010","Ar 8-2 Spt",3,2,"82","Quota",387
"407","2010_pre","pre","2010","Ar 8-2 Spt",4,2,"82","Quota",2116
"408","2010_pre","pre","2010","Ar 8-2 Spt",5,2,"82","Quota",644
"409","2010_pre","pre","2010","Ar 10  Spt",1,2,"10","Quota",1
"410","2010_pre","pre","2010","Ar 10  Spt",2,2,"10","Quota",1367
"411","2010_pre","pre","2010","Ar 10  Spt",3,2,"10","Quota",1587
"412","2010_pre","pre","2010","Ar 10  Spt",4,2,"10","Quota",3082
"413","2010_pre","pre","2010","Ar 10  Spt",5,2,"10","Quota",666
"414","2010_pre","pre","2010","Ar 12  Spt",3,2,"12","Quota",363
"415","2010_pre","pre","2010","Ar 12  Spt",5,2,"12","Quota",745
"416","2010_pre","pre","2010","Area 5 Spt",4,7,"05","MSFQuota",7895.8528
"417","2010_pre","pre","2010","Ar 11  Spt",3,2,"11","Quota",1395
"418","2010_pre","pre","2010","Ar 12  Spt",4,2,"12","Quota",1447
"419","2010_pre","pre","2010","Ar 11  Spt",4,2,"11","Quota",1350
"420","2010_pre","pre","2010","Ar 13  Spt",5,7,"13","MSFQuota",309.733
"421","2010_pre","pre","2010","Ar 13  Spt",4,7,"13","MSFQuota",428.1639
"422","2010_pre","pre","2010","Ar 13  Spt",3,7,"13","MSFQuota",77.3373
"423","2010_pre","pre","2010","Ar 13  Spt",2,7,"13","MSFQuota",93.9245
"424","2010_pre","pre","2010","Ar 13  Spt",1,2,"13","Quota",47
"425","2010_pre","pre","2010","Ar 11  Spt",1,2,"11","Quota",35
"426","2010_pre","pre","2010","Ar 11  Spt",5,2,"11","Quota",212
"427","2010_pre","pre","2010","Area 5 Spt",5,2,"05","Quota",3
"428","2010_pre","pre","2010","Ar 11  Spt",2,2,"11","Quota",646
"429","2010_pre","pre","2010","Ar 8-1 Spt",4,2,"81","Quota",222
"430","2010_pre","pre","2010","Ar 8-1 Spt",3,2,"81","Quota",113
"431","2010_pre","pre","2010","Area 7 Spt",1,2,"07","Quota",1
"432","2010_pre","pre","2010","Area 6 Spt",1,2,"06","Quota",0
"433","2010_pre","pre","2010","Ar 8-1 Spt",2,2,"81","Quota",0
"434","2010_pre","pre","2010","Area 6 Spt",3,7,"06","MSFQuota",211.4891
"435","2010_pre","pre","2010","Area 6 Spt",5,2,"06","Quota",163
"436","2010_pre","pre","2010","Area 6 Spt",2,7,"06","MSFQuota",28.2325
"437","2010_pre","pre","2010","Area 7 Spt",2,2,"07","Quota",54
"438","2010_pre","pre","2010","Area 7 Spt",3,7,"07","MSFQuota",51.1401
"439","2010_pre","pre","2010","Area 7 Spt",4,7,"07","MSFQuota",230.2532
"440","2010_pre","pre","2010","Area 7 Spt",5,2,"07","Quota",370
"441","2010_pre","pre","2010","Ar 8-1 Spt",1,2,"81","Quota",0
"442","2010_pre","pre","2010","Area 6 Spt",4,7,"06","MSFQuota",540.8057
"443","2011_pre","pre","2011","Ar 8-2 Spt",4,2,"82","Quota",2456
"444","2011_pre","pre","2011","Ar 10  Spt",5,2,"10","Quota",652
"445","2011_pre","pre","2011","Ar 10  Spt",4,2,"10","Quota",3770
"446","2011_pre","pre","2011","Ar 10  Spt",3,2,"10","Quota",1519
"447","2011_pre","pre","2011","Ar 10  Spt",1,2,"10","Quota",0
"448","2011_pre","pre","2011","Ar 8-2 Spt",3,2,"82","Quota",281
"449","2011_pre","pre","2011","Ar 8-2 Spt",2,2,"82","Quota",19
"450","2011_pre","pre","2011","Ar 8-2 Spt",1,2,"82","Quota",3
"451","2011_pre","pre","2011","Area 9 Spt",5,2,"09","Quota",1040
"452","2011_pre","pre","2011","Ar 10  Spt",2,2,"10","Quota",1345
"453","2011_pre","pre","2011","Area 9 Spt",3,2,"09","Quota",1970
"454","2011_pre","pre","2011","Ar 12  Spt",3,2,"12","Quota",237
"455","2011_pre","pre","2011","Area 9 Spt",4,2,"09","Quota",7704
"456","2011_pre","pre","2011","Ar 11  Spt",3,2,"11","Quota",967
"457","2011_pre","pre","2011","Ar 8-1 Spt",2,2,"81","Quota",0
"458","2011_pre","pre","2011","Ar 8-1 Spt",3,2,"81","Quota",98
"459","2011_pre","pre","2011","Ar 8-1 Spt",4,2,"81","Quota",328
"460","2011_pre","pre","2011","Ar 8-1 Spt",5,2,"81","Quota",410
"461","2011_pre","pre","2011","Area 9 Spt",1,2,"09","Quota",8
"462","2011_pre","pre","2011","Area 9 Spt",2,2,"09","Quota",930
"463","2011_pre","pre","2011","Ar 8-1 Spt",1,2,"81","Quota",1
"464","2011_pre","pre","2011","Ar 11  Spt",2,2,"11","Quota",632
"465","2011_pre","pre","2011","Ar 11  Spt",4,2,"11","Quota",1379
"466","2011_pre","pre","2011","Ar 13  Spt",5,7,"13","MSFQuota",211.4411
"467","2011_pre","pre","2011","Ar 11  Spt",5,2,"11","Quota",213
"468","2011_pre","pre","2011","Ar 12  Spt",4,2,"12","Quota",1298
"469","2011_pre","pre","2011","Ar 13  Spt",2,7,"13","MSFQuota",87.9943
"470","2011_pre","pre","2011","Ar 13  Spt",3,7,"13","MSFQuota",79.2704
"471","2011_pre","pre","2011","Ar 13  Spt",4,7,"13","MSFQuota",344.4494
"472","2011_pre","pre","2011","Ar 8-2 Spt",5,2,"82","Quota",1377
"473","2011_pre","pre","2011","Ar 11  Spt",1,2,"11","Quota",22
"474","2011_pre","pre","2011","Area 5 Spt",3,7,"05","MSFQuota",8655.3813
"475","2011_pre","pre","2011","Ar 13  Spt",1,2,"13","Quota",57
"476","2011_pre","pre","2011","Area 7 Spt",5,7,"07","MSFQuota",165.0874
"477","2011_pre","pre","2011","Ar 12  Spt",5,2,"12","Quota",545
"478","2011_pre","pre","2011","Area 5 Spt",2,7,"05","MSFQuota",3892.2052
"479","2011_pre","pre","2011","Area 5 Spt",4,7,"05","MSFQuota",12224.141
"480","2011_pre","pre","2011","Area 5 Spt",5,2,"05","Quota",5
"481","2011_pre","pre","2011","Area 6 Spt",1,2,"06","Quota",0
"482","2011_pre","pre","2011","Area 7 Spt",3,7,"07","MSFQuota",71.1559
"483","2011_pre","pre","2011","Area 6 Spt",3,7,"06","MSFQuota",256.3142
"484","2011_pre","pre","2011","Area 6 Spt",4,7,"06","MSFQuota",865.0286
"485","2011_pre","pre","2011","Area 6 Spt",5,2,"06","Quota",272
"486","2011_pre","pre","2011","Area 7 Spt",1,2,"07","Quota",1
"487","2011_pre","pre","2011","Area 7 Spt",2,2,"07","Quota",85
"488","2011_pre","pre","2011","Area 6 Spt",2,7,"06","MSFQuota",32.1255
"489","2011_pre","pre","2011","Area 5 Spt",1,2,"05","Quota",3
"490","2011_pre","pre","2011","Area 7 Spt",4,7,"07","MSFQuota",235.0073
"491","2012_pre","pre","2012","Ar 8-2 Spt",5,2,"82","Quota",1377
"492","2012_pre","pre","2012","Ar 10  Spt",1,2,"10","Quota",21
"493","2012_pre","pre","2012","Ar 10  Spt",2,2,"10","Quota",1173
"494","2012_pre","pre","2012","Ar 10  Spt",3,2,"10","Quota",1402
"495","2012_pre","pre","2012","Ar 10  Spt",4,2,"10","Quota",3287
"496","2012_pre","pre","2012","Ar 12  Spt",3,2,"12","Quota",123
"497","2012_pre","pre","2012","Ar 12  Spt",5,2,"12","Quota",471
"498","2012_pre","pre","2012","Ar 8-2 Spt",4,2,"82","Quota",2075
"499","2012_pre","pre","2012","Ar 8-1 Spt",5,2,"81","Quota",409
"500","2012_pre","pre","2012","Area 5 Spt",1,2,"05","Quota",0
"501","2012_pre","pre","2012","Ar 12  Spt",4,2,"12","Quota",732
"502","2012_pre","pre","2012","Ar 8-2 Spt",3,2,"82","Quota",219
"503","2012_pre","pre","2012","Ar 8-2 Spt",2,2,"82","Quota",19
"504","2012_pre","pre","2012","Ar 8-2 Spt",1,2,"82","Quota",2
"505","2012_pre","pre","2012","Area 9 Spt",5,2,"09","Quota",686
"506","2012_pre","pre","2012","Area 9 Spt",4,2,"09","Quota",6663
"507","2012_pre","pre","2012","Area 9 Spt",3,2,"09","Quota",1665
"508","2012_pre","pre","2012","Area 9 Spt",1,2,"09","Quota",7
"509","2012_pre","pre","2012","Ar 8-1 Spt",4,2,"81","Quota",203
"510","2012_pre","pre","2012","Ar 8-1 Spt",3,2,"81","Quota",102
"511","2012_pre","pre","2012","Ar 8-1 Spt",2,2,"81","Quota",0
"512","2012_pre","pre","2012","Ar 8-1 Spt",1,2,"81","Quota",1
"513","2012_pre","pre","2012","Area 9 Spt",2,2,"09","Quota",1092
"514","2012_pre","pre","2012","Ar 10  Spt",5,2,"10","Quota",413
"515","2012_pre","pre","2012","Area 5 Spt",2,7,"05","MSFQuota",3654.58
"516","2012_pre","pre","2012","Area 6 Spt",1,2,"06","Quota",3
"517","2012_pre","pre","2012","Area 6 Spt",2,7,"06","MSFQuota",30.6943
"518","2012_pre","pre","2012","Area 6 Spt",3,7,"06","MSFQuota",254.6157
"519","2012_pre","pre","2012","Area 6 Spt",4,7,"06","MSFQuota",864.5392
"520","2012_pre","pre","2012","Area 6 Spt",5,2,"06","Quota",308
"521","2012_pre","pre","2012","Area 7 Spt",1,2,"07","Quota",1
"522","2012_pre","pre","2012","Area 7 Spt",2,2,"07","Quota",88
"523","2012_pre","pre","2012","Area 7 Spt",3,7,"07","MSFQuota",59.4003
"524","2012_pre","pre","2012","Area 7 Spt",5,2,"07","Quota",391
"525","2012_pre","pre","2012","Ar 11  Spt",1,2,"11","Quota",18
"526","2012_pre","pre","2012","Ar 11  Spt",2,2,"11","Quota",508
"527","2012_pre","pre","2012","Ar 13  Spt",5,7,"13","MSFQuota",108.1801
"528","2012_pre","pre","2012","Area 5 Spt",3,7,"05","MSFQuota",8420.1569
"529","2012_pre","pre","2012","Area 5 Spt",4,27,"05","Quota",19136
"530","2012_pre","pre","2012","Area 5 Spt",4,27,"05","MSFQuota",5011.9161
"531","2012_pre","pre","2012","Area 7 Spt",4,7,"07","MSFQuota",171.5965
"532","2012_pre","pre","2012","Area 5 Spt",5,2,"05","Quota",3206
"533","2012_pre","pre","2012","Ar 11  Spt",3,2,"11","Quota",844
"534","2012_pre","pre","2012","Ar 13  Spt",4,7,"13","MSFQuota",215.441
"535","2012_pre","pre","2012","Ar 13  Spt",3,7,"13","MSFQuota",55.9008
"536","2012_pre","pre","2012","Ar 13  Spt",2,7,"13","MSFQuota",79.4189
"537","2012_pre","pre","2012","Ar 13  Spt",1,2,"13","Quota",47
"538","2012_pre","pre","2012","Ar 11  Spt",5,2,"11","Quota",150
"539","2012_pre","pre","2012","Ar 11  Spt",4,2,"11","Quota",868
"540","2013_pre","pre","2013","Area 6 Spt",1,2,"06","Quota",3
"541","2013_pre","pre","2013","Area 6 Spt",5,2,"06","Quota",821
"542","2013_pre","pre","2013","Area 5 Spt",1,2,"05","Quota",0
"543","2013_pre","pre","2013","Area 5 Spt",2,7,"05","MSFQuota",3143.4444
"544","2013_pre","pre","2013","Area 5 Spt",3,7,"05","MSFQuota",6056.3699
"545","2013_pre","pre","2013","Area 5 Spt",4,27,"05","Quota",14578
"546","2013_pre","pre","2013","Area 5 Spt",4,27,"05","MSFQuota",7589.1476
"547","2013_pre","pre","2013","Area 5 Spt",5,2,"05","Quota",3052
"548","2013_pre","pre","2013","Area 9 Spt",3,2,"09","Quota",1543
"549","2013_pre","pre","2013","Ar 8-2 Spt",5,2,"82","Quota",1376
"550","2013_pre","pre","2013","Ar 8-1 Spt",1,2,"81","Quota",0
"551","2013_pre","pre","2013","Ar 8-1 Spt",2,2,"81","Quota",0
"552","2013_pre","pre","2013","Ar 8-1 Spt",3,2,"81","Quota",112
"553","2013_pre","pre","2013","Ar 8-1 Spt",4,2,"81","Quota",342
"554","2013_pre","pre","2013","Ar 8-1 Spt",5,2,"81","Quota",398
"555","2013_pre","pre","2013","Area 9 Spt",1,2,"09","Quota",7
"556","2013_pre","pre","2013","Area 9 Spt",2,2,"09","Quota",1043
"557","2013_pre","pre","2013","Ar 12  Spt",5,2,"12","Quota",248
"558","2013_pre","pre","2013","Ar 12  Spt",4,2,"12","Quota",968
"559","2013_pre","pre","2013","Ar 12  Spt",3,2,"12","Quota",232
"560","2013_pre","pre","2013","Ar 13  Spt",5,7,"13","MSFQuota",79.2323
"561","2013_pre","pre","2013","Ar 13  Spt",4,7,"13","MSFQuota",220.943
"562","2013_pre","pre","2013","Area 6 Spt",3,7,"06","MSFQuota",313.5718
"563","2013_pre","pre","2013","Ar 13  Spt",2,7,"13","MSFQuota",56.0346
"564","2013_pre","pre","2013","Area 6 Spt",2,7,"06","MSFQuota",29.7619
"565","2013_pre","pre","2013","Ar 8-2 Spt",4,2,"82","Quota",2581
"566","2013_pre","pre","2013","Ar 8-2 Spt",3,2,"82","Quota",277
"567","2013_pre","pre","2013","Ar 8-2 Spt",2,2,"82","Quota",15
"568","2013_pre","pre","2013","Ar 8-2 Spt",1,2,"82","Quota",28
"569","2013_pre","pre","2013","Area 9 Spt",5,2,"09","Quota",1280
"570","2013_pre","pre","2013","Area 9 Spt",4,2,"09","Quota",6847
"571","2013_pre","pre","2013","Area 7 Spt",5,7,"07","MSFQuota",126.1294
"572","2013_pre","pre","2013","Area 7 Spt",4,7,"07","MSFQuota",224.3163
"573","2013_pre","pre","2013","Area 7 Spt",3,7,"07","MSFQuota",96.2534
"574","2013_pre","pre","2013","Area 7 Spt",2,2,"07","Quota",97
"575","2013_pre","pre","2013","Area 7 Spt",1,2,"07","Quota",1
"576","2013_pre","pre","2013","Area 6 Spt",4,7,"06","MSFQuota",748.4377
"577","2013_pre","pre","2013","Ar 10  Spt",3,2,"10","Quota",1556
"578","2013_pre","pre","2013","Ar 13  Spt",3,7,"13","MSFQuota",41.105
"579","2013_pre","pre","2013","Ar 13  Spt",1,2,"13","Quota",42
"580","2013_pre","pre","2013","Ar 10  Spt",1,2,"10","Quota",20
"581","2013_pre","pre","2013","Ar 11  Spt",5,2,"11","Quota",179
"582","2013_pre","pre","2013","Ar 11  Spt",4,2,"11","Quota",817
"583","2013_pre","pre","2013","Ar 11  Spt",3,2,"11","Quota",669
"584","2013_pre","pre","2013","Ar 11  Spt",1,2,"11","Quota",18
"585","2013_pre","pre","2013","Ar 10  Spt",5,2,"10","Quota",451
"586","2013_pre","pre","2013","Ar 10  Spt",4,2,"10","Quota",4177
"587","2013_pre","pre","2013","Ar 10  Spt",2,2,"10","Quota",1004
"588","2013_pre","pre","2013","Ar 11  Spt",2,2,"11","Quota",445
"589","2014_pre","pre","2014","Ar 11  Spt",5,2,"11","Quota",228
"590","2014_pre","pre","2014","Area 9 Spt",4,2,"09","Quota",10580
"591","2014_pre","pre","2014","Area 9 Spt",3,2,"09","Quota",1785
"592","2014_pre","pre","2014","Ar 13  Spt",5,7,"13","MSFQuota",113.4255
"593","2014_pre","pre","2014","Ar 13  Spt",4,7,"13","MSFQuota",247.8547
"594","2014_pre","pre","2014","Ar 13  Spt",3,7,"13","MSFQuota",21.9616
"595","2014_pre","pre","2014","Ar 11  Spt",4,2,"11","Quota",1780
"596","2014_pre","pre","2014","Ar 13  Spt",1,2,"13","Quota",25
"597","2014_pre","pre","2014","Area 9 Spt",5,2,"09","Quota",1844
"598","2014_pre","pre","2014","Ar 10  Spt",2,2,"10","Quota",822
"599","2014_pre","pre","2014","Ar 13  Spt",2,7,"13","MSFQuota",18.0143
"600","2014_pre","pre","2014","Ar 8-2 Spt",1,2,"82","Quota",28
"601","2014_pre","pre","2014","Ar 8-2 Spt",2,2,"82","Quota",4
"602","2014_pre","pre","2014","Ar 8-2 Spt",3,2,"82","Quota",300
"603","2014_pre","pre","2014","Ar 8-2 Spt",4,2,"82","Quota",4045
"604","2014_pre","pre","2014","Ar 11  Spt",3,2,"11","Quota",442
"605","2014_pre","pre","2014","Ar 10  Spt",1,2,"10","Quota",21
"606","2014_pre","pre","2014","Ar 10  Spt",3,2,"10","Quota",1684
"607","2014_pre","pre","2014","Ar 10  Spt",4,2,"10","Quota",7037
"608","2014_pre","pre","2014","Ar 12  Spt",3,2,"12","Quota",247
"609","2014_pre","pre","2014","Ar 12  Spt",4,2,"12","Quota",994
"610","2014_pre","pre","2014","Ar 12  Spt",5,2,"12","Quota",226
"611","2014_pre","pre","2014","Ar 8-2 Spt",5,2,"82","Quota",1410
"612","2014_pre","pre","2014","Area 5 Spt",4,27,"05","Quota",12089
"613","2014_pre","pre","2014","Area 5 Spt",4,27,"05","MSFQuota",8776.8568
"614","2014_pre","pre","2014","Area 5 Spt",2,7,"05","MSFQuota",4048.5518
"615","2014_pre","pre","2014","Ar 10  Spt",5,2,"10","Quota",606
"616","2014_pre","pre","2014","Area 5 Spt",1,2,"05","Quota",0
"617","2014_pre","pre","2014","Ar 11  Spt",2,2,"11","Quota",224
"618","2014_pre","pre","2014","Area 5 Spt",3,7,"05","MSFQuota",7516.9424
"619","2014_pre","pre","2014","Area 5 Spt",5,7,"05","MSFQuota",1314.2683
"620","2014_pre","pre","2014","Area 6 Spt",1,2,"06","Quota",3
"621","2014_pre","pre","2014","Area 6 Spt",2,7,"06","MSFQuota",47.5347
"622","2014_pre","pre","2014","Area 6 Spt",3,7,"06","MSFQuota",438.8326
"623","2014_pre","pre","2014","Area 6 Spt",4,7,"06","MSFQuota",819.2915
"624","2014_pre","pre","2014","Area 6 Spt",5,2,"06","Quota",1850
"625","2014_pre","pre","2014","Area 7 Spt",1,2,"07","Quota",1
"626","2014_pre","pre","2014","Ar 8-1 Spt",4,2,"81","Quota",603
"627","2014_pre","pre","2014","Area 7 Spt",3,7,"07","MSFQuota",110.1187
"628","2014_pre","pre","2014","Area 7 Spt",4,7,"07","MSFQuota",277.2413
"629","2014_pre","pre","2014","Area 7 Spt",5,7,"07","MSFQuota",187.6346
"630","2014_pre","pre","2014","Ar 8-1 Spt",1,2,"81","Quota",0
"631","2014_pre","pre","2014","Ar 8-1 Spt",5,2,"81","Quota",399
"632","2014_pre","pre","2014","Ar 8-1 Spt",2,2,"81","Quota",0
"633","2014_pre","pre","2014","Area 9 Spt",1,2,"09","Quota",6
"634","2014_pre","pre","2014","Ar 8-1 Spt",3,2,"81","Quota",90
"635","2014_pre","pre","2014","Area 9 Spt",2,2,"09","Quota",1005
"636","2014_pre","pre","2014","Area 7 Spt",2,2,"07","Quota",78
"637","2014_pre","pre","2014","Ar 11  Spt",1,2,"11","Quota",7
"638","2015_pre","pre","2015","Area 9 Spt",3,2,"09","Quota",2464
"639","2015_pre","pre","2015","Area 9 Spt",1,2,"09","Quota",2
"640","2015_pre","pre","2015","Ar 8-1 Spt",5,2,"81","Quota",277
"641","2015_pre","pre","2015","Area 9 Spt",5,2,"09","Quota",3188
"642","2015_pre","pre","2015","Ar 13  Spt",4,8,"13","MSFQuota",180
"643","2015_pre","pre","2015","Ar 8-2 Spt",5,2,"82","Quota",1122
"644","2015_pre","pre","2015","Ar 13  Spt",3,8,"13","MSFQuota",17
"645","2015_pre","pre","2015","Ar 13  Spt",2,8,"13","MSFQuota",6
"646","2015_pre","pre","2015","Ar 13  Spt",5,8,"13","MSFQuota",98
"647","2015_pre","pre","2015","Ar 8-2 Spt",1,2,"82","Quota",28
"648","2015_pre","pre","2015","Ar 8-2 Spt",2,2,"82","Quota",7
"649","2015_pre","pre","2015","Ar 10  Spt",5,2,"10","Quota",866
"650","2015_pre","pre","2015","Ar 8-2 Spt",4,2,"82","Quota",5364
"651","2015_pre","pre","2015","Ar 10  Spt",1,2,"10","Quota",21
"652","2015_pre","pre","2015","Ar 10  Spt",2,2,"10","Quota",1115
"653","2015_pre","pre","2015","Ar 10  Spt",3,2,"10","Quota",2249
"654","2015_pre","pre","2015","Ar 10  Spt",4,2,"10","Quota",8337
"655","2015_pre","pre","2015","Ar 13  Spt",1,2,"13","Quota",22
"656","2015_pre","pre","2015","Area 7 Spt",2,2,"07","Quota",133
"657","2015_pre","pre","2015","Ar 12  Spt",3,2,"12","Quota",604
"658","2015_pre","pre","2015","Ar 12  Spt",4,2,"12","Quota",1099
"659","2015_pre","pre","2015","Ar 8-2 Spt",3,2,"82","Quota",382
"660","2015_pre","pre","2015","Area 7 Spt",1,2,"07","Quota",0
"661","2015_pre","pre","2015","Area 9 Spt",4,2,"09","Quota",17090
"662","2015_pre","pre","2015","Ar 12  Spt",5,2,"12","Quota",283
"663","2015_pre","pre","2015","Area 5 Spt",1,2,"05","Quota",0
"664","2015_pre","pre","2015","Area 5 Spt",2,7,"05","MSFQuota",3360.6687
"665","2015_pre","pre","2015","Area 5 Spt",3,7,"05","MSFQuota",5987.9303
"666","2015_pre","pre","2015","Area 5 Spt",4,27,"05","Quota",9735
"667","2015_pre","pre","2015","Area 5 Spt",4,27,"05","MSFQuota",9219.1561
"668","2015_pre","pre","2015","Area 5 Spt",5,2,"05","Quota",2960
"669","2015_pre","pre","2015","Area 6 Spt",1,2,"06","Quota",3
"670","2015_pre","pre","2015","Area 6 Spt",2,7,"06","MSFQuota",60.1123
"671","2015_pre","pre","2015","Area 6 Spt",3,7,"06","MSFQuota",429.7541
"672","2015_pre","pre","2015","Area 7 Spt",4,7,"07","MSFQuota",495.4041
"673","2015_pre","pre","2015","Area 6 Spt",5,2,"06","Quota",2659
"674","2015_pre","pre","2015","Ar 11  Spt",5,2,"11","Quota",285
"675","2015_pre","pre","2015","Area 7 Spt",3,7,"07","MSFQuota",202.4346
"676","2015_pre","pre","2015","Area 7 Spt",5,2,"07","Quota",460
"677","2015_pre","pre","2015","Ar 8-1 Spt",1,2,"81","Quota",0
"678","2015_pre","pre","2015","Ar 8-1 Spt",2,2,"81","Quota",0
"679","2015_pre","pre","2015","Ar 8-1 Spt",3,2,"81","Quota",171
"680","2015_pre","pre","2015","Ar 8-1 Spt",4,2,"81","Quota",992
"681","2015_pre","pre","2015","Ar 11  Spt",1,2,"11","Quota",11
"682","2015_pre","pre","2015","Ar 11  Spt",2,2,"11","Quota",172
"683","2015_pre","pre","2015","Ar 11  Spt",3,2,"11","Quota",442
"684","2015_pre","pre","2015","Ar 11  Spt",4,2,"11","Quota",1721
"685","2015_pre","pre","2015","Area 6 Spt",4,7,"06","MSFQuota",778.6911
"686","2015_pre","pre","2015","Area 9 Spt",2,2,"09","Quota",891
"687","2016_pre","pre","2016","Ar 10  Spt",1,2,"10","Quota",0
"688","2016_pre","pre","2016","Ar 8-1 Spt",3,2,"81","Quota",0
"689","2016_pre","pre","2016","Ar 8-1 Spt",4,2,"81","Quota",0
"690","2016_pre","pre","2016","Ar 8-1 Spt",5,2,"81","Quota",0
"691","2016_pre","pre","2016","Area 9 Spt",2,2,"09","Quota",0
"692","2016_pre","pre","2016","Area 9 Spt",4,2,"09","Quota",0
"693","2016_pre","pre","2016","Area 9 Spt",5,2,"09","Quota",0
"694","2016_pre","pre","2016","Ar 8-2 Spt",1,2,"82","Quota",0
"695","2016_pre","pre","2016","Ar 8-2 Spt",2,2,"82","Quota",0
"696","2016_pre","pre","2016","Ar 8-2 Spt",3,2,"82","Quota",0
"697","2016_pre","pre","2016","Ar 8-1 Spt",2,2,"81","Quota",0
"698","2016_pre","pre","2016","Ar 8-2 Spt",5,2,"82","Quota",0
"699","2016_pre","pre","2016","Area 9 Spt",1,2,"09","Quota",0
"700","2016_pre","pre","2016","Ar 10  Spt",2,2,"10","Quota",0
"701","2016_pre","pre","2016","Ar 10  Spt",3,2,"10","Quota",0
"702","2016_pre","pre","2016","Ar 10  Spt",4,2,"10","Quota",0
"703","2016_pre","pre","2016","Ar 10  Spt",5,2,"10","Quota",0
"704","2016_pre","pre","2016","Ar 12  Spt",3,2,"12","Quota",1070
"705","2016_pre","pre","2016","Ar 12  Spt",4,2,"12","Quota",2285
"706","2016_pre","pre","2016","Ar 12  Spt",5,2,"12","Quota",673
"707","2016_pre","pre","2016","Ar 8-1 Spt",1,2,"81","Quota",0
"708","2016_pre","pre","2016","Ar 13  Spt",5,2,"13","Quota",0
"709","2016_pre","pre","2016","Ar 8-2 Spt",4,2,"82","Quota",0
"710","2016_pre","pre","2016","Ar 11  Spt",1,2,"11","Quota",0
"711","2016_pre","pre","2016","Ar 13  Spt",4,2,"13","Quota",0
"712","2016_pre","pre","2016","Ar 13  Spt",3,2,"13","Quota",0
"713","2016_pre","pre","2016","Ar 13  Spt",2,2,"13","Quota",0
"714","2016_pre","pre","2016","Ar 13  Spt",1,2,"13","Quota",0
"715","2016_pre","pre","2016","Ar 11  Spt",5,2,"11","Quota",0
"716","2016_pre","pre","2016","Ar 11  Spt",4,2,"11","Quota",0
"717","2016_pre","pre","2016","Area 9 Spt",3,2,"09","Quota",0
"718","2016_pre","pre","2016","Ar 11  Spt",2,2,"11","Quota",0
"719","2016_pre","pre","2016","Area 5 Spt",1,2,"05","Quota",0
"720","2016_pre","pre","2016","Area 7 Spt",5,2,"07","Quota",0
"721","2016_pre","pre","2016","Area 7 Spt",4,2,"07","Quota",0
"722","2016_pre","pre","2016","Area 7 Spt",3,2,"07","Quota",0
"723","2016_pre","pre","2016","Area 6 Spt",1,2,"06","Quota",0
"724","2016_pre","pre","2016","Area 5 Spt",3,2,"05","Quota",0
"725","2016_pre","pre","2016","Ar 11  Spt",3,2,"11","Quota",0
"726","2016_pre","pre","2016","Area 7 Spt",2,2,"07","Quota",0
"727","2016_pre","pre","2016","Area 5 Spt",2,2,"05","Quota",0
"728","2016_pre","pre","2016","Area 5 Spt",5,2,"05","Quota",0
"729","2016_pre","pre","2016","Area 5 Spt",4,2,"05","Quota",0
"730","2016_pre","pre","2016","Area 6 Spt",2,2,"06","Quota",0
"731","2016_pre","pre","2016","Area 6 Spt",3,2,"06","Quota",0
"732","2016_pre","pre","2016","Area 6 Spt",4,2,"06","Quota",0
"733","2016_pre","pre","2016","Area 6 Spt",5,2,"06","Quota",0
"734","2016_pre","pre","2016","Area 7 Spt",1,2,"07","Quota",0
"735","2017_pre","pre","2017","Ar 8-2 Spt",4,7,"82","MSFQuota",55.7571
"736","2017_pre","pre","2017","Ar 10  Spt",1,2,"10","Quota",0
"737","2017_pre","pre","2017","Ar 10  Spt",2,7,"10","MSFQuota",1040.7952
"738","2017_pre","pre","2017","Ar 10  Spt",3,7,"10","MSFQuota",1546.65
"739","2017_pre","pre","2017","Ar 8-2 Spt",5,2,"82","Quota",0
"740","2017_pre","pre","2017","Ar 10  Spt",4,7,"10","MSFQuota",5611.864
"741","2017_pre","pre","2017","Ar 10  Spt",5,7,"10","MSFQuota",723.0727
"742","2017_pre","pre","2017","Ar 12  Spt",4,2,"12","Quota",2285
"743","2017_pre","pre","2017","Ar 12  Spt",5,2,"12","Quota",673
"744","2017_pre","pre","2017","Ar 13  Spt",3,8,"13","MSFQuota",12
"745","2017_pre","pre","2017","Ar 8-2 Spt",3,7,"82","MSFQuota",53.5227
"746","2017_pre","pre","2017","Ar 12  Spt",3,2,"12","Quota",1070
"747","2017_pre","pre","2017","Area 6 Spt",2,7,"06","MSFQuota",65.1132
"748","2017_pre","pre","2017","Area 7 Spt",5,2,"07","Quota",0
"749","2017_pre","pre","2017","Area 7 Spt",4,2,"07","Quota",0
"750","2017_pre","pre","2017","Area 7 Spt",3,2,"07","Quota",0
"751","2017_pre","pre","2017","Area 7 Spt",2,2,"07","Quota",0
"752","2017_pre","pre","2017","Area 7 Spt",1,2,"07","Quota",0
"753","2017_pre","pre","2017","Area 6 Spt",5,2,"06","Quota",0
"754","2017_pre","pre","2017","Ar 13  Spt",5,8,"13","MSFQuota",77
"755","2017_pre","pre","2017","Area 6 Spt",3,7,"06","MSFQuota",218.9515
"756","2017_pre","pre","2017","Ar 11  Spt",3,2,"11","Quota",501
"757","2017_pre","pre","2017","Area 6 Spt",1,2,"06","Quota",0
"758","2017_pre","pre","2017","Area 5 Spt",5,2,"05","Quota",0
"759","2017_pre","pre","2017","Area 5 Spt",4,2,"05","Quota",0
"760","2017_pre","pre","2017","Area 5 Spt",3,7,"05","MSFQuota",6906.9523
"761","2017_pre","pre","2017","Area 5 Spt",2,7,"05","MSFQuota",3007.6362
"762","2017_pre","pre","2017","Area 5 Spt",1,2,"05","Quota",0
"763","2017_pre","pre","2017","Area 6 Spt",4,2,"06","Quota",0
"764","2017_pre","pre","2017","Ar 8-1 Spt",1,2,"81","Quota",0
"765","2017_pre","pre","2017","Ar 8-2 Spt",1,2,"82","Quota",0
"766","2017_pre","pre","2017","Area 9 Spt",5,2,"09","Quota",0
"767","2017_pre","pre","2017","Area 9 Spt",4,7,"09","MSFQuota",360.0463
"768","2017_pre","pre","2017","Area 9 Spt",3,7,"09","MSFQuota",1185.6814
"769","2017_pre","pre","2017","Area 9 Spt",2,7,"09","MSFQuota",447.8926
"770","2017_pre","pre","2017","Area 9 Spt",1,2,"09","Quota",0
"771","2017_pre","pre","2017","Ar 11  Spt",1,2,"11","Quota",20
"772","2017_pre","pre","2017","Ar 8-1 Spt",3,2,"81","Quota",0
"773","2017_pre","pre","2017","Ar 11  Spt",2,2,"11","Quota",112
"774","2017_pre","pre","2017","Ar 13  Spt",4,8,"13","MSFQuota",202
"775","2017_pre","pre","2017","Ar 8-1 Spt",4,2,"81","Quota",0
"776","2017_pre","pre","2017","Ar 13  Spt",2,8,"13","MSFQuota",5
"777","2017_pre","pre","2017","Ar 13  Spt",1,8,"13","MSFQuota",300
"778","2017_pre","pre","2017","Ar 11  Spt",5,2,"11","Quota",376
"779","2017_pre","pre","2017","Ar 11  Spt",4,2,"11","Quota",1766
"780","2017_pre","pre","2017","Ar 8-2 Spt",2,2,"82","Quota",0
"781","2017_pre","pre","2017","Ar 8-1 Spt",5,2,"81","Quota",0
"782","2017_pre","pre","2017","Ar 8-1 Spt",2,2,"81","Quota",0
"783","2018_pre","pre","2018","Area 6 Spt",5,2,"06","Quota",0
"784","2018_pre","pre","2018","Ar 13  Spt",4,8,"13","MSFQuota",208
"785","2018_pre","pre","2018","Ar 13  Spt",3,8,"13","MSFQuota",13
"786","2018_pre","pre","2018","Ar 13  Spt",1,8,"13","MSFQuota",6
"787","2018_pre","pre","2018","Ar 11  Spt",4,2,"11","Quota",1635
"788","2018_pre","pre","2018","Ar 11  Spt",3,2,"11","Quota",464
"789","2018_pre","pre","2018","Ar 11  Spt",2,2,"11","Quota",104
"790","2018_pre","pre","2018","Ar 11  Spt",1,2,"11","Quota",19
"791","2018_pre","pre","2018","Area 7 Spt",5,2,"07","Quota",0
"792","2018_pre","pre","2018","Area 7 Spt",4,2,"07","Quota",956
"793","2018_pre","pre","2018","Area 7 Spt",3,2,"07","Quota",268
"794","2018_pre","pre","2018","Area 7 Spt",1,2,"07","Quota",0
"795","2018_pre","pre","2018","Ar 13  Spt",2,8,"13","MSFQuota",5
"796","2018_pre","pre","2018","Area 6 Spt",4,7,"06","MSFQuota",679.4994
"797","2018_pre","pre","2018","Area 6 Spt",3,7,"06","MSFQuota",381.3507
"798","2018_pre","pre","2018","Area 6 Spt",2,7,"06","MSFQuota",52.0071
"799","2018_pre","pre","2018","Area 6 Spt",1,2,"06","Quota",0
"800","2018_pre","pre","2018","Area 5 Spt",5,2,"05","Quota",0
"801","2018_pre","pre","2018","Area 5 Spt",4,7,"05","MSFQuota",9993.913
"802","2018_pre","pre","2018","Area 5 Spt",3,7,"05","MSFQuota",5927.4824
"803","2018_pre","pre","2018","Area 5 Spt",2,7,"05","MSFQuota",2564.2275
"804","2018_pre","pre","2018","Area 5 Spt",1,2,"05","Quota",0
"805","2018_pre","pre","2018","Ar 8-1 Spt",1,2,"81","Quota",0
"806","2018_pre","pre","2018","Area 7 Spt",2,2,"07","Quota",114
"807","2018_pre","pre","2018","Ar 10  Spt",3,2,"10","Quota",2505
"808","2018_pre","pre","2018","Ar 8-1 Spt",2,2,"81","Quota",0
"809","2018_pre","pre","2018","Ar 8-1 Spt",3,2,"81","Quota",331
"810","2018_pre","pre","2018","Ar 8-1 Spt",4,2,"81","Quota",1700
"811","2018_pre","pre","2018","Ar 8-1 Spt",5,2,"81","Quota",0
"812","2018_pre","pre","2018","Area 9 Spt",1,7,"09","MSFQuota",1.043
"813","2018_pre","pre","2018","Ar 12  Spt",5,2,"12","Quota",324
"814","2018_pre","pre","2018","Ar 12  Spt",4,2,"12","Quota",1496
"815","2018_pre","pre","2018","Ar 12  Spt",3,2,"12","Quota",977
"816","2018_pre","pre","2018","Ar 11  Spt",5,2,"11","Quota",348
"817","2018_pre","pre","2018","Ar 10  Spt",4,2,"10","Quota",9861
"818","2018_pre","pre","2018","Ar 13  Spt",5,8,"13","MSFQuota",190
"819","2018_pre","pre","2018","Ar 10  Spt",2,2,"10","Quota",1490
"820","2018_pre","pre","2018","Ar 10  Spt",1,2,"10","Quota",356
"821","2018_pre","pre","2018","Ar 8-2 Spt",5,2,"82","Quota",4
"822","2018_pre","pre","2018","Area 9 Spt",3,7,"09","MSFQuota",1328.6292
"823","2018_pre","pre","2018","Ar 10  Spt",5,2,"10","Quota",1517
"824","2018_pre","pre","2018","Ar 8-2 Spt",4,2,"82","Quota",5699
"825","2018_pre","pre","2018","Area 9 Spt",2,7,"09","MSFQuota",336.6516
"826","2018_pre","pre","2018","Area 9 Spt",4,7,"09","MSFQuota",9541.5481
"827","2018_pre","pre","2018","Area 9 Spt",5,2,"09","Quota",0
"828","2018_pre","pre","2018","Ar 8-2 Spt",1,2,"82","Quota",1
"829","2018_pre","pre","2018","Ar 8-2 Spt",2,2,"82","Quota",4
"830","2018_pre","pre","2018","Ar 8-2 Spt",3,2,"82","Quota",479
"831","2019_pre","pre","2019","Area 7 Spt",2,2,"07","Quota",114
"832","2019_pre","pre","2019","Area 5 Spt",3,7,"05","MSFQuota",6331.7979
"833","2019_pre","pre","2019","Area 6 Spt",3,7,"06","MSFQuota",429.2338
"834","2019_pre","pre","2019","Area 7 Spt",1,2,"07","Quota",0
"835","2019_pre","pre","2019","Area 6 Spt",5,2,"06","Quota",0
"836","2019_pre","pre","2019","Area 6 Spt",4,7,"06","MSFQuota",777.2891
"837","2019_pre","pre","2019","Area 5 Spt",1,2,"05","Quota",0
"838","2019_pre","pre","2019","Area 6 Spt",2,7,"06","MSFQuota",62.0362
"839","2019_pre","pre","2019","Area 6 Spt",1,2,"06","Quota",0
"840","2019_pre","pre","2019","Area 5 Spt",5,2,"05","Quota",0
"841","2019_pre","pre","2019","Area 5 Spt",2,7,"05","MSFQuota",2949.4131
"842","2019_pre","pre","2019","Ar 12  Spt",5,2,"12","Quota",194
"843","2019_pre","pre","2019","Ar 11  Spt",3,2,"11","Quota",623
"844","2019_pre","pre","2019","Area 7 Spt",3,2,"07","Quota",0
"845","2019_pre","pre","2019","Area 5 Spt",4,7,"05","MSFQuota",11246.1666
"846","2019_pre","pre","2019","Area 7 Spt",4,2,"07","Quota",956
"847","2019_pre","pre","2019","Ar 10  Spt",1,2,"10","Quota",1970
"848","2019_pre","pre","2019","Ar 8-2 Spt",5,2,"82","Quota",0
"849","2019_pre","pre","2019","Ar 8-2 Spt",4,7,"82","MSFQuota",1333.511
"850","2019_pre","pre","2019","Ar 8-2 Spt",3,7,"82","MSFQuota",234.3174
"851","2019_pre","pre","2019","Ar 8-2 Spt",2,2,"82","Quota",0
"852","2019_pre","pre","2019","Ar 8-2 Spt",1,2,"82","Quota",0
"853","2019_pre","pre","2019","Ar 8-1 Spt",3,2,"81","Quota",331
"854","2019_pre","pre","2019","Area 9 Spt",4,7,"09","MSFQuota",11469.4239
"855","2019_pre","pre","2019","Ar 10  Spt",4,2,"10","Quota",12897
"856","2019_pre","pre","2019","Area 9 Spt",3,7,"09","MSFQuota",1764.7956
"857","2019_pre","pre","2019","Ar 11  Spt",1,2,"11","Quota",41
"858","2019_pre","pre","2019","Area 9 Spt",2,7,"09","MSFQuota",198.5522
"859","2019_pre","pre","2019","Area 9 Spt",1,2,"09","Quota",3
"860","2019_pre","pre","2019","Ar 8-1 Spt",5,2,"81","Quota",547
"861","2019_pre","pre","2019","Ar 8-1 Spt",4,2,"81","Quota",1700
"862","2019_pre","pre","2019","Area 9 Spt",5,2,"09","Quota",0
"863","2019_pre","pre","2019","Ar 13  Spt",4,8,"13","MSFQuota",232
"864","2019_pre","pre","2019","Area 7 Spt",5,2,"07","Quota",0
"865","2019_pre","pre","2019","Ar 11  Spt",2,2,"11","Quota",155
"866","2019_pre","pre","2019","Ar 11  Spt",4,2,"11","Quota",1813
"867","2019_pre","pre","2019","Ar 11  Spt",5,2,"11","Quota",0
"868","2019_pre","pre","2019","Ar 13  Spt",1,8,"13","MSFQuota",113
"869","2019_pre","pre","2019","Ar 10  Spt",2,2,"10","Quota",1791
"870","2019_pre","pre","2019","Ar 13  Spt",3,8,"13","MSFQuota",30
"871","2019_pre","pre","2019","Ar 10  Spt",3,2,"10","Quota",2642
"872","2019_pre","pre","2019","Ar 13  Spt",5,8,"13","MSFQuota",155
"873","2019_pre","pre","2019","Ar 8-1 Spt",1,2,"81","Quota",0
"874","2019_pre","pre","2019","Ar 8-1 Spt",2,2,"81","Quota",0
"875","2019_pre","pre","2019","Ar 12  Spt",4,2,"12","Quota",1543
"876","2019_pre","pre","2019","Ar 12  Spt",3,2,"12","Quota",1100
"877","2019_pre","pre","2019","Ar 10  Spt",5,2,"10","Quota",1634
"878","2019_pre","pre","2019","Ar 13  Spt",2,8,"13","MSFQuota",30
"879","2020_pre","pre","2020","Area 5 Spt",3,7,"05","MSFQuota",5628.2876
"880","2020_pre","pre","2020","Area 7 Spt",2,2,"07","Quota",76
"881","2020_pre","pre","2020","Ar 10  Spt",2,2,"10","Quota",3022
"882","2020_pre","pre","2020","Area 5 Spt",2,7,"05","MSFQuota",2334.2168
"883","2020_pre","pre","2020","Ar 13  Spt",1,8,"13","MSFQuota",160
"884","2020_pre","pre","2020","Ar 11  Spt",5,2,"11","Quota",248
"885","2020_pre","pre","2020","Ar 11  Spt",4,2,"11","Quota",1397
"886","2020_pre","pre","2020","Ar 11  Spt",3,2,"11","Quota",775
"887","2020_pre","pre","2020","Ar 11  Spt",2,2,"11","Quota",184
"888","2020_pre","pre","2020","Ar 11  Spt",1,2,"11","Quota",17
"889","2020_pre","pre","2020","Ar 10  Spt",5,2,"10","Quota",1835
"890","2020_pre","pre","2020","Area 6 Spt",5,2,"06","Quota",0
"891","2020_pre","pre","2020","Ar 10  Spt",3,2,"10","Quota",3380
"892","2020_pre","pre","2020","Area 5 Spt",5,2,"05","Quota",0
"893","2020_pre","pre","2020","Ar 10  Spt",1,2,"10","Quota",2054
"894","2020_pre","pre","2020","Area 7 Spt",5,2,"07","Quota",0
"895","2020_pre","pre","2020","Area 7 Spt",4,2,"07","Quota",1605
"896","2020_pre","pre","2020","Area 7 Spt",3,2,"07","Quota",450
"897","2020_pre","pre","2020","Area 7 Spt",1,2,"07","Quota",0
"898","2020_pre","pre","2020","Area 6 Spt",4,7,"06","MSFQuota",971.5844
"899","2020_pre","pre","2020","Area 6 Spt",3,7,"06","MSFQuota",650.3554
"900","2020_pre","pre","2020","Area 6 Spt",2,7,"06","MSFQuota",108.9016
"901","2020_pre","pre","2020","Area 6 Spt",1,2,"06","Quota",0
"902","2020_pre","pre","2020","Ar 10  Spt",4,2,"10","Quota",13221
"903","2020_pre","pre","2020","Ar 12  Spt",3,2,"12","Quota",608
"904","2020_pre","pre","2020","Area 5 Spt",1,2,"05","Quota",0
"905","2020_pre","pre","2020","Area 5 Spt",4,7,"05","MSFQuota",6537.4836
"906","2020_pre","pre","2020","Ar 12  Spt",4,2,"12","Quota",1442
"907","2020_pre","pre","2020","Ar 13  Spt",5,8,"13","MSFQuota",170
"908","2020_pre","pre","2020","Ar 13  Spt",4,8,"13","MSFQuota",176
"909","2020_pre","pre","2020","Ar 13  Spt",3,8,"13","MSFQuota",39
"910","2020_pre","pre","2020","Ar 13  Spt",2,8,"13","MSFQuota",38
"911","2020_pre","pre","2020","Ar 8-2 Spt",5,2,"82","Quota",0
"912","2020_pre","pre","2020","Ar 8-2 Spt",4,2,"82","Quota",0
"913","2020_pre","pre","2020","Ar 8-2 Spt",3,2,"82","Quota",0
"914","2020_pre","pre","2020","Ar 8-2 Spt",2,2,"82","Quota",0
"915","2020_pre","pre","2020","Ar 8-1 Spt",3,2,"81","Quota",0
"916","2020_pre","pre","2020","Ar 8-1 Spt",1,2,"81","Quota",0
"917","2020_pre","pre","2020","Ar 12  Spt",5,2,"12","Quota",199
"918","2020_pre","pre","2020","Ar 8-2 Spt",1,2,"82","Quota",0
"919","2020_pre","pre","2020","Ar 8-1 Spt",2,2,"81","Quota",0
"920","2020_pre","pre","2020","Ar 8-1 Spt",4,2,"81","Quota",0
"921","2020_pre","pre","2020","Ar 8-1 Spt",5,2,"81","Quota",0
"922","2020_pre","pre","2020","Area 9 Spt",1,2,"09","Quota",3
"923","2020_pre","pre","2020","Area 9 Spt",2,8,"09","MSFQuota",650
"924","2020_pre","pre","2020","Area 9 Spt",3,8,"09","MSFQuota",2512
"925","2020_pre","pre","2020","Area 9 Spt",4,8,"09","MSFQuota",14005
"926","2020_pre","pre","2020","Area 9 Spt",5,2,"09","Quota",0
"927","2004_pre","pre","2004",NA,5,2,"13","Quota",10
"928","2005_pre","pre","2005",NA,5,2,"13","Quota",10
"929","2006_pre","pre","2006",NA,5,2,"13","Quota",10
"930","2007_pre","pre","2007",NA,4,2,"05","Quota",12294
"931","2007_pre","pre","2007",NA,5,2,"13","Quota",10
"932","2008_pre","pre","2008",NA,4,2,"05","Quota",11579
"933","2008_pre","pre","2008",NA,4,2,"09","Quota",3583
"934","2008_pre","pre","2008",NA,5,2,"13","Quota",10
