start_date,end_date,coho_ad_k,coho_um_k,coho_unk_k,coho_ad_r,coho_um_r,coho_unk_r,catch_area_code,source
6/1/2015,6/7/2015,0,0,0,0,0,0,11,Chinook Summer 2015 MSF Report
6/8/2015,6/14/2015,0,0,0,0,3,0,11,Chinook Summer 2015 MSF Report
6/15/2015,6/21/2015,0,0,0,0,0,0,11,Chinook Summer 2015 MSF Report
6/22/2015,6/28/2015,3,0,0,0,3,0,11,Chinook Summer 2015 MSF Report
6/29/2015,7/5/2015,0,0,0,7,0,7,11,Chinook Summer 2015 MSF Report
7/1/2015,7/5/2015,108.9183727,3.079701382,0,80.06562967,177.7110402,61.36894377,5,Summer In-Season Coho Estimates
7/6/2015,7/12/2015,384.1732164,6.159402764,0,61.59402764,464.8770782,126.0762549,5,Summer In-Season Coho Estimates
7/6/2015,7/12/2015,0,0,0,3,7,3,11,Chinook Summer 2015 MSF Report
7/13/2015,7/19/2015,699.729083,14.64118141,0,21.36455772,902.0679679,77.86767014,5,Summer In-Season Coho Estimates
7/13/2015,7/19/2015,3,0,0,0,3,0,11,Chinook Summer 2015 MSF Report
7/16/2015,7/20/2015,26,29,0,8,15,86,9,Chinook Summer 2015 MSF Report
7/20/2015,7/26/2015,431.2589557,4.666941026,0,4.632021914,477.7198068,42.92996161,5,Summer In-Season Coho Estimates
7/20/2015,7/26/2015,0,0,0,0,0,20,11,Chinook Summer 2015 MSF Report
7/21/2015,7/26/2015,111,79,0,81,71,35,9,Chinook Summer 2015 MSF Report
7/27/2015,8/2/2015,1153.27296,25.1454267,0,26.84270284,1164.899236,0,5,Summer In-Season Coho Estimates
7/27/2015,8/2/2015,8,0,0,37,20,7,11,Chinook Summer 2015 MSF Report
8/3/2015,8/9/2015,1645.956664,6.51949037,0,69.72937606,1560.389193,0,5,Summer In-Season Coho Estimates
8/3/2015,8/9/2015,0,0,0,31,0,10,11,Chinook Summer 2015 MSF Report
8/10/2015,8/16/2015,3745.865393,60.77030753,0,51.1276872,5353.48574,57.92462689,5,Summer In-Season Coho Estimates
8/10/2015,8/16/2015,33,51,0,4,10,34,11,Chinook Summer 2015 MSF Report
8/17/2015,8/23/2015,2830.309004,95.42884722,0,104.8374315,4751.458492,0,5,Summer In-Season Coho Estimates
8/17/2015,8/23/2015,88,79,0,0,17,50,11,Chinook Summer 2015 MSF Report
8/24/2015,8/30/2015,1119.81476,8.352893409,0,12.997985,1516.883516,25.32023378,5,Summer In-Season Coho Estimates
8/24/2015,8/30/2015,121,61,0,0,15,18,11,Chinook Summer 2015 MSF Report
8/31/2015,9/6/2015,1651.978616,62.51045837,0,113.3490212,2437.95698,0,5,Summer In-Season Coho Estimates
8/31/2015,9/6/2015,199,61,0,10,22,20,11,Chinook Summer 2015 MSF Report
9/7/2015,9/11/2015,396.0586026,33.29493599,0,49.94240398,637.6955049,0,5,Summer In-Season Coho Estimates
9/7/2015,9/13/2015,74,18,0,11,56,31,11,Chinook Summer 2015 MSF Report
9/14/2015,9/20/2015,112,40,0,14,60,75,11,Chinook Summer 2015 MSF Report
9/15/2015,9/18/2015,1738.269109,0,0,94.0733568,3200.682201,171.0424669,5,Summer In-Season Coho Estimates
9/21/2015,9/27/2015,119,65,0,62,40,185,11,Chinook Summer 2015 MSF Report
9/22/2015,9/25/2015,1041.740619,0,0,196.313229,2575.064626,398.5920971,5,Summer In-Season Coho Estimates
9/28/2015,9/30/2015,125.2099831,0,0,32.94999556,276.7799627,13.17999822,5,Summer In-Season Coho Estimates
9/28/2015,9/30/2015,46,15,0,6,7,9,11,Chinook Summer 2015 MSF Report
10/1/2015,10/4/2015,538,1888,0,176,474,910,6,Chinook Winter 2015-2016 MSF Report
10/1/2015,10/4/2015,188,353,0,7,45,87,7,Chinook Winter 2015-2016 MSF Report
10/1/2015,10/4/2015,351,267,0,51,23,374,10,Chinook Winter 2015-2016 MSF Report
10/5/2015,10/11/2015,413,1569,0,111,279,851,6,Chinook Winter 2015-2016 MSF Report
10/5/2015,10/11/2015,109,240,0,10,57,143,7,Chinook Winter 2015-2016 MSF Report
10/5/2015,10/11/2015,421,327,0,78,0,485,10,Chinook Winter 2015-2016 MSF Report
10/12/2015,10/18/2015,192,1093,0,73,255,672,6,Chinook Winter 2015-2016 MSF Report
10/12/2015,10/18/2015,136,397,0,46,51,143,7,Chinook Winter 2015-2016 MSF Report
10/12/2015,10/18/2015,66,189,0,5,8,539,10,Chinook Winter 2015-2016 MSF Report
10/19/2015,10/25/2015,125,803,0,78,210,528,6,Chinook Winter 2015-2016 MSF Report
10/19/2015,10/25/2015,57,259,0,56,26,39,7,Chinook Winter 2015-2016 MSF Report
10/26/2015,10/31/2015,23,116,0,38,8,53,6,Chinook Winter 2015-2016 MSF Report
10/26/2015,10/31/2015,0,26,0,0,0,13,7,Chinook Winter 2015-2016 MSF Report
11/1/2015,11/1/2015,0,0,0,0,0,0,81,Chinook Winter 2015-2016 Report
11/1/2015,11/1/2015,0,1,0,0,0,6,82,Chinook Winter 2015-2016 Report
11/2/2015,11/8/2015,0,0,0,0,0,0,81,Chinook Winter 2015-2016 Report
11/2/2015,11/8/2015,0,6,0,0,0,26,82,Chinook Winter 2015-2016 Report
11/9/2015,11/15/2015,0,0,0,0,0,0,81,Chinook Winter 2015-2016 Report
11/9/2015,11/15/2015,0,0,0,0,0,0,82,Chinook Winter 2015-2016 Report
11/16/2015,11/22/2015,0,0,0,0,0,0,81,Chinook Winter 2015-2016 Report
11/16/2015,11/22/2015,0,0,0,0,0,0,82,Chinook Winter 2015-2016 Report
11/23/2015,11/29/2015,0,0,0,0,0,0,81,Chinook Winter 2015-2016 Report
11/23/2015,11/29/2015,0,0,0,0,0,0,82,Chinook Winter 2015-2016 Report
11/30/2015,12/6/2015,0,0,0,0,0,0,81,Chinook Winter 2015-2016 Report
11/30/2015,12/6/2015,0,0,0,0,0,0,82,Chinook Winter 2015-2016 Report
12/1/2015,12/6/2015,0,0,0,0,0,0,6,Chinook Winter 2015-2016 MSF Report
12/1/2015,12/6/2015,0,0,0,0,0,0,7,Chinook Winter 2015-2016 MSF Report
12/7/2015,12/13/2015,0,0,0,0,0,0,81,Chinook Winter 2015-2016 Report
12/7/2015,12/13/2015,0,0,0,0,0,0,82,Chinook Winter 2015-2016 Report
12/7/2015,12/13/2015,0,0,0,0,0,0,6,Chinook Winter 2015-2016 MSF Report
12/7/2015,12/13/2015,0,0,0,0,0,0,7,Chinook Winter 2015-2016 MSF Report
12/14/2015,12/20/2015,0,0,0,0,0,0,81,Chinook Winter 2015-2016 Report
12/14/2015,12/20/2015,0,0,0,0,2,0,82,Chinook Winter 2015-2016 Report
12/14/2015,12/20/2015,0,0,0,0,0,0,6,Chinook Winter 2015-2016 MSF Report
12/14/2015,12/20/2015,0,0,0,0,0,0,7,Chinook Winter 2015-2016 MSF Report
12/21/2015,12/27/2015,0,0,0,0,0,5,81,Chinook Winter 2015-2016 Report
12/21/2015,12/27/2015,0,0,0,0,0,0,82,Chinook Winter 2015-2016 Report
12/21/2015,12/27/2015,0,0,0,0,0,0,6,Chinook Winter 2015-2016 MSF Report
12/21/2015,12/27/2015,0,0,0,0,0,0,7,Chinook Winter 2015-2016 MSF Report
12/28/2015,1/3/2016,0,0,0,0,0,5,81,Chinook Winter 2015-2016 Report
12/28/2015,1/3/2016,0,0,0,0,0,0,82,Chinook Winter 2015-2016 Report
12/28/2015,1/3/2016,0,0,0,0,0,0,6,Chinook Winter 2015-2016 MSF Report
12/28/2015,1/3/2016,0,0,0,0,0,3,7,Chinook Winter 2015-2016 MSF Report
1/4/2016,1/10/2016,0,0,0,0,0,0,81,Chinook Winter 2015-2016 Report
1/4/2016,1/10/2016,0,0,0,0,0,0,82,Chinook Winter 2015-2016 Report
1/4/2016,1/10/2016,0,0,0,0,0,7,6,Chinook Winter 2015-2016 MSF Report
1/4/2016,1/10/2016,0,0,0,3,0,0,7,Chinook Winter 2015-2016 MSF Report
1/11/2016,1/17/2016,0,0,0,0,0,0,81,Chinook Winter 2015-2016 Report
1/11/2016,1/17/2016,0,0,0,0,0,0,82,Chinook Winter 2015-2016 Report
1/11/2016,1/17/2016,0,0,0,0,0,0,6,Chinook Winter 2015-2016 MSF Report
1/11/2016,1/17/2016,0,0,0,0,0,0,7,Chinook Winter 2015-2016 MSF Report
1/16/2016,1/17/2016,0,0,0,0,0,0,9,Chinook Winter 2015-2016 MSF Report
1/18/2016,1/24/2016,0,0,0,0,0,0,81,Chinook Winter 2015-2016 Report
1/18/2016,1/24/2016,0,0,0,0,0,0,82,Chinook Winter 2015-2016 Report
1/18/2016,1/24/2016,0,0,0,0,0,0,6,Chinook Winter 2015-2016 MSF Report
1/18/2016,1/24/2016,0,0,0,0,0,0,7,Chinook Winter 2015-2016 MSF Report
1/18/2016,1/24/2016,0,0,0,0,0,0,9,Chinook Winter 2015-2016 MSF Report
1/25/2016,1/31/2016,0,0,0,0,0,0,81,Chinook Winter 2015-2016 Report
1/25/2016,1/31/2016,0,0,0,0,0,0,82,Chinook Winter 2015-2016 Report
1/25/2016,1/31/2016,0,0,0,0,0,0,6,Chinook Winter 2015-2016 MSF Report
1/25/2016,1/31/2016,0,0,0,0,0,0,7,Chinook Winter 2015-2016 MSF Report
1/25/2016,1/31/2016,0,0,0,0,0,0,9,Chinook Winter 2015-2016 MSF Report
2/1/2016,2/7/2016,0,0,0,0,0,0,81,Chinook Winter 2015-2016 Report
2/1/2016,2/7/2016,0,0,0,0,0,0,82,Chinook Winter 2015-2016 Report
2/1/2016,2/7/2016,0,0,0,0,0,0,6,Chinook Winter 2015-2016 MSF Report
2/1/2016,2/7/2016,0,0,0,0,0,0,7,Chinook Winter 2015-2016 MSF Report
2/1/2016,2/7/2016,0,0,0,0,0,0,9,Chinook Winter 2015-2016 MSF Report
2/8/2016,2/14/2016,0,0,0,0,0,0,81,Chinook Winter 2015-2016 Report
2/8/2016,2/14/2016,0,0,0,0,0,0,82,Chinook Winter 2015-2016 Report
2/8/2016,2/14/2016,0,0,0,0,0,0,6,Chinook Winter 2015-2016 MSF Report
2/8/2016,2/14/2016,0,0,0,0,0,0,7,Chinook Winter 2015-2016 MSF Report
2/8/2016,2/14/2016,0,0,0,0,0,0,9,Chinook Winter 2015-2016 MSF Report
2/15/2016,2/21/2016,0,0,0,0,0,0,81,Chinook Winter 2015-2016 Report
2/15/2016,2/21/2016,0,0,0,0,0,0,82,Chinook Winter 2015-2016 Report
2/15/2016,2/21/2016,0,0,0,0,0,0,6,Chinook Winter 2015-2016 MSF Report
2/15/2016,2/21/2016,0,0,0,0,0,0,7,Chinook Winter 2015-2016 MSF Report
2/15/2016,2/21/2016,0,0,0,7,0,0,9,Chinook Winter 2015-2016 MSF Report
2/22/2016,2/28/2016,0,0,0,0,0,0,81,Chinook Winter 2015-2016 Report
2/22/2016,2/28/2016,0,0,0,0,0,0,82,Chinook Winter 2015-2016 Report
2/22/2016,2/28/2016,0,0,0,0,0,0,7,Chinook Winter 2015-2016 MSF Report
2/22/2016,2/28/2016,0,0,0,7,0,0,9,Chinook Winter 2015-2016 MSF Report
2/29/2016,3/6/2016,0,0,0,0,0,0,81,Chinook Winter 2015-2016 Report
2/29/2016,3/6/2016,0,0,0,0,0,0,82,Chinook Winter 2015-2016 Report
2/29/2016,3/6/2016,0,0,0,0,0,0,7,Chinook Winter 2015-2016 MSF Report
2/29/2016,3/6/2016,0,0,0,0,0,0,9,Chinook Winter 2015-2016 MSF Report
3/7/2016,3/13/2016,0,0,0,0,0,0,81,Chinook Winter 2015-2016 Report
3/7/2016,3/13/2016,0,0,0,0,0,0,82,Chinook Winter 2015-2016 Report
3/7/2016,3/13/2016,0,0,0,0,0,0,7,Chinook Winter 2015-2016 MSF Report
3/7/2016,3/13/2016,0,0,0,0,0,0,9,Chinook Winter 2015-2016 MSF Report
3/12/2016,3/13/2016,0,0,0,0,0,0,6,Chinook Winter 2015-2016 MSF Report
3/14/2016,3/20/2016,0,0,0,0,0,0,81,Chinook Winter 2015-2016 Report
3/14/2016,3/20/2016,0,0,0,2,2,2,82,Chinook Winter 2015-2016 Report
3/14/2016,3/18/2016,0,0,0,0,0,0,6,Chinook Winter 2015-2016 MSF Report
3/14/2016,3/20/2016,0,0,0,5,0,5,9,Chinook Winter 2015-2016 MSF Report
3/21/2016,3/27/2016,0,0,0,0,0,0,81,Chinook Winter 2015-2016 Report
3/21/2016,3/27/2016,0,0,0,2,0,0,82,Chinook Winter 2015-2016 Report
3/21/2016,3/27/2016,0,0,0,0,0,0,9,Chinook Winter 2015-2016 MSF Report
3/28/2016,4/3/2016,0,0,0,0,0,0,81,Chinook Winter 2015-2016 Report
3/28/2016,4/3/2016,0,0,0,0,0,0,82,Chinook Winter 2015-2016 Report
3/28/2016,4/3/2016,0,0,0,5,5,5,9,Chinook Winter 2015-2016 MSF Report
4/4/2016,4/10/2016,0,0,0,20,15,5,9,Chinook Winter 2015-2016 MSF Report
6/24/2016,6/26/2016,0,0,0,0,0,3,11,Chinook Summer 2016 MSF Report
6/27/2016,7/3/2016,0,0,0,0,0,0,11,Chinook Summer 2016 MSF Report
7/1/2016,7/3/2016,0,0,0,0,0,0,7,Chinook Summer 2016 MSF Report
7/4/2016,7/10/2016,0,0,0,0,0,0,7,Chinook Summer 2016 MSF Report
7/4/2016,7/10/2016,0,0,0,3,3,3,11,Chinook Summer 2016 MSF Report
7/11/2016,7/17/2016,0,0,0,0,0,5,7,Chinook Summer 2016 MSF Report
7/11/2016,7/17/2016,0,0,0,6,0,0,11,Chinook Summer 2016 MSF Report
7/16/2016,7/17/2016,0,0,0,57,27,53,9,Chinook Summer 2016 MSF Report
7/16/2016,7/17/2016,4,0,0,25,4,46,10,Chinook Summer 2016 MSF Report
7/18/2016,7/24/2016,5,0,0,0,0,5,7,Chinook Summer 2016 MSF Report
7/18/2016,7/24/2016,8,0,0,126,53,267,9,Chinook Summer 2016 MSF Report
7/18/2016,7/24/2016,0,2,0,73,13,75,10,Chinook Summer 2016 MSF Report
7/18/2016,7/24/2016,0,0,0,6,0,0,11,Chinook Summer 2016 MSF Report
7/25/2016,7/31/2016,6,3,0,85,30,77,9,Chinook Summer 2016 MSF Report
7/25/2016,7/31/2016,5,0,0,148,23,84,10,Chinook Summer 2016 MSF Report
7/25/2016,7/31/2016,10,0,0,12,3,26,11,Chinook Summer 2016 MSF Report
7/29/2016,7/31/2016,5,0,0,0,0,0,7,Chinook Summer 2016 MSF Report
8/1/2016,8/4/2016,0,0,0,59,26,34,9,Chinook Summer 2016 MSF Report
8/1/2016,8/7/2016,5,0,0,89,32,98,10,Chinook Summer 2016 MSF Report
8/1/2016,8/7/2016,10,0,0,0,0,17,11,Chinook Summer 2016 MSF Report
8/8/2016,8/14/2016,3,0,0,325,26,180,10,Chinook Summer 2016 MSF Report
8/8/2016,8/14/2016,10,7,0,26,4,33,11,Chinook Summer 2016 MSF Report
8/15/2016,8/15/2016,0,0,0,8,2,7,10,Chinook Summer 2016 MSF Report
8/19/2016,8/19/2016,2,0,0,7,5,12,11,Chinook Summer 2016 MSF Report
10/1/2016,10/2/2016,0,0,0,2,5,5,7,Chinook Winter 2016-2017 MSF Report
10/3/2016,10/9/2016,0,0,0,4,4,0,7,Chinook Winter 2016-2017 MSF Report
10/10/2016,10/16/2016,0,0,0,0,0,0,7,Chinook Winter 2016-2017 MSF Report
10/17/2016,10/23/2016,0,0,0,0,0,4,7,Chinook Winter 2016-2017 MSF Report
10/24/2016,10/30/2016,0,0,0,0,0,0,7,Chinook Winter 2016-2017 MSF Report
10/31/2016,10/31/2016,0,0,0,0,0,0,7,Chinook Winter 2016-2017 MSF Report
11/1/2016,11/6/2016,0,0,0,0,0,0,81,Chinook Winter 2016-2017 Report
11/1/2016,11/6/2016,0,0,0,4,0,15,82,Chinook Winter 2016-2017 Report
11/1/2016,11/6/2016,0,0,0,16,3,57,9,Chinook Winter 2016-2017 MSF Report
11/1/2016,11/6/2016,122,50,0,0,0,27,10,Chinook Winter 2016-2017 MSF Report
11/7/2016,11/13/2016,0,0,0,0,0,0,81,Chinook Winter 2016-2017 Report
11/7/2016,11/13/2016,0,0,0,3,0,0,82,Chinook Winter 2016-2017 Report
11/7/2016,11/13/2016,0,0,0,4,4,4,9,Chinook Winter 2016-2017 MSF Report
11/7/2016,11/13/2016,0,0,0,0,0,0,10,Chinook Winter 2016-2017 MSF Report
11/14/2016,11/20/2016,0,0,0,0,0,0,81,Chinook Winter 2016-2017 Report
11/14/2016,11/20/2016,0,0,0,0,0,0,82,Chinook Winter 2016-2017 Report
11/14/2016,11/20/2016,0,0,0,10,11,3,9,Chinook Winter 2016-2017 MSF Report
11/14/2016,11/20/2016,0,0,0,0,0,27,10,Chinook Winter 2016-2017 MSF Report
11/21/2016,11/27/2016,0,0,0,0,0,0,81,Chinook Winter 2016-2017 Report
11/21/2016,11/27/2016,0,0,0,0,0,0,82,Chinook Winter 2016-2017 Report
11/21/2016,11/27/2016,0,0,0,0,4,0,9,Chinook Winter 2016-2017 MSF Report
11/21/2016,11/27/2016,0,0,0,0,0,24,10,Chinook Winter 2016-2017 MSF Report
11/28/2016,12/4/2016,0,0,0,0,0,0,81,Chinook Winter 2016-2017 Report
11/28/2016,12/4/2016,0,0,0,0,0,0,82,Chinook Winter 2016-2017 Report
11/28/2016,11/30/2016,0,0,0,0,3,0,9,Chinook Winter 2016-2017 MSF Report
11/28/2016,12/4/2016,0,7,0,0,0,10,10,Chinook Winter 2016-2017 MSF Report
12/1/2016,12/4/2016,0,0,0,1,0,0,6,Chinook Winter 2016-2017 MSF Report
12/1/2016,12/4/2016,0,0,0,0,0,0,7,Chinook Winter 2016-2017 MSF Report
12/5/2016,12/11/2016,0,0,0,0,0,0,81,Chinook Winter 2016-2017 Report
12/5/2016,12/11/2016,0,0,0,0,0,0,82,Chinook Winter 2016-2017 Report
12/5/2016,12/10/2016,0,0,0,3,0,0,6,Chinook Winter 2016-2017 MSF Report
12/5/2016,12/11/2016,0,0,0,0,0,0,7,Chinook Winter 2016-2017 MSF Report
12/5/2016,12/11/2016,0,7,0,0,0,0,10,Chinook Winter 2016-2017 MSF Report
12/12/2016,12/18/2016,0,0,0,6,0,0,81,Chinook Winter 2016-2017 Report
12/12/2016,12/18/2016,0,0,0,0,0,5,82,Chinook Winter 2016-2017 Report
12/12/2016,12/18/2016,0,0,0,0,0,0,6,Chinook Winter 2016-2017 MSF Report
12/12/2016,12/18/2016,0,0,0,0,0,0,7,Chinook Winter 2016-2017 MSF Report
12/12/2016,12/18/2016,0,0,0,0,0,0,10,Chinook Winter 2016-2017 MSF Report
12/19/2016,12/25/2016,0,0,0,6,0,0,81,Chinook Winter 2016-2017 Report
12/19/2016,12/25/2016,0,0,0,0,0,3,82,Chinook Winter 2016-2017 Report
12/19/2016,12/25/2016,0,0,0,0,0,0,6,Chinook Winter 2016-2017 MSF Report
12/19/2016,12/25/2016,0,0,0,0,0,0,7,Chinook Winter 2016-2017 MSF Report
12/19/2016,12/25/2016,0,0,0,0,0,0,10,Chinook Winter 2016-2017 MSF Report
12/26/2016,12/31/2016,0,0,0,0,0,0,81,Chinook Winter 2016-2017 Report
12/26/2016,12/31/2016,0,0,0,9,16,0,82,Chinook Winter 2016-2017 Report
12/26/2016,12/31/2016,0,0,0,0,0,0,6,Chinook Winter 2016-2017 MSF Report
12/26/2016,12/31/2016,0,0,0,0,0,0,7,Chinook Winter 2016-2017 MSF Report
12/26/2016,12/31/2016,0,0,0,0,0,0,10,Chinook Winter 2016-2017 MSF Report
1/1/2017,1/8/2017,0,0,0,0,0,0,81,Chinook Winter 2016-2017 Report
1/1/2017,1/8/2017,0,0,0,0,0,0,82,Chinook Winter 2016-2017 Report
1/1/2017,1/8/2017,0,0,0,0,0,0,6,Chinook Winter 2016-2017 MSF Report
1/1/2017,1/8/2017,0,0,0,0,0,0,7,Chinook Winter 2016-2017 MSF Report
1/1/2017,1/8/2017,0,0,0,0,0,0,10,Chinook Winter 2016-2017 MSF Report
1/9/2017,1/15/2017,0,0,0,0,0,0,81,Chinook Winter 2016-2017 Report
1/9/2017,1/15/2017,0,0,0,3,0,0,82,Chinook Winter 2016-2017 Report
1/9/2017,1/15/2017,0,0,0,0,0,0,6,Chinook Winter 2016-2017 MSF Report
1/9/2017,1/15/2017,0,0,0,0,0,0,7,Chinook Winter 2016-2017 MSF Report
1/9/2017,1/15/2017,20,0,0,0,0,0,10,Chinook Winter 2016-2017 MSF Report
1/16/2017,1/22/2017,0,0,0,0,0,0,81,Chinook Winter 2016-2017 Report
1/16/2017,1/22/2017,0,0,0,0,0,0,82,Chinook Winter 2016-2017 Report
1/16/2017,1/22/2017,0,0,0,0,0,0,6,Chinook Winter 2016-2017 MSF Report
1/16/2017,1/22/2017,0,0,0,0,0,0,7,Chinook Winter 2016-2017 MSF Report
1/16/2017,1/22/2017,34,0,0,0,0,0,10,Chinook Winter 2016-2017 MSF Report
1/23/2017,1/29/2017,0,0,0,0,0,0,81,Chinook Winter 2016-2017 Report
1/23/2017,1/29/2017,0,0,0,0,0,0,82,Chinook Winter 2016-2017 Report
1/23/2017,1/29/2017,0,0,0,0,0,0,6,Chinook Winter 2016-2017 MSF Report
1/23/2017,1/29/2017,0,0,0,0,0,0,7,Chinook Winter 2016-2017 MSF Report
1/23/2017,1/23/2017,5,0,0,0,0,0,10,Chinook Winter 2016-2017 MSF Report
1/30/2017,2/5/2017,0,0,0,0,0,0,81,Chinook Winter 2016-2017 Report
1/30/2017,2/5/2017,0,0,0,0,0,4,82,Chinook Winter 2016-2017 Report
1/30/2017,2/5/2017,0,0,0,0,0,0,6,Chinook Winter 2016-2017 MSF Report
1/30/2017,2/5/2017,0,0,0,0,0,0,7,Chinook Winter 2016-2017 MSF Report
2/6/2017,2/12/2017,0,0,0,0,0,0,81,Chinook Winter 2016-2017 Report
2/6/2017,2/12/2017,0,0,0,4,0,0,82,Chinook Winter 2016-2017 Report
2/6/2017,2/12/2017,0,0,0,0,3,0,6,Chinook Winter 2016-2017 MSF Report
2/6/2017,2/10/2017,0,0,0,0,0,0,7,Chinook Winter 2016-2017 MSF Report
2/13/2017,2/19/2017,0,0,0,0,0,0,81,Chinook Winter 2016-2017 Report
2/13/2017,2/19/2017,0,0,0,7,0,0,82,Chinook Winter 2016-2017 Report
2/13/2017,2/19/2017,0,0,0,0,0,0,6,Chinook Winter 2016-2017 MSF Report
2/16/2017,2/19/2017,0,0,0,0,0,3,9,Chinook Winter 2016-2017 MSF Report
2/20/2017,2/26/2017,0,0,0,0,0,0,81,Chinook Winter 2016-2017 Report
2/20/2017,2/26/2017,0,0,0,0,0,0,82,Chinook Winter 2016-2017 Report
2/20/2017,2/26/2017,0,0,0,0,0,0,6,Chinook Winter 2016-2017 MSF Report
2/20/2017,2/26/2017,0,0,0,19,0,3,9,Chinook Winter 2016-2017 MSF Report
2/27/2017,3/5/2017,0,0,0,0,0,0,81,Chinook Winter 2016-2017 Report
2/27/2017,3/5/2017,0,0,0,0,0,6,82,Chinook Winter 2016-2017 Report
2/27/2017,3/5/2017,0,0,0,0,0,0,6,Chinook Winter 2016-2017 MSF Report
2/27/2017,3/5/2017,0,0,0,0,0,0,9,Chinook Winter 2016-2017 MSF Report
3/6/2017,3/12/2017,0,0,0,0,0,0,81,Chinook Winter 2016-2017 Report
3/6/2017,3/12/2017,0,0,0,0,0,0,82,Chinook Winter 2016-2017 Report
3/6/2017,3/12/2017,0,0,0,0,0,0,6,Chinook Winter 2016-2017 MSF Report
3/6/2017,3/12/2017,0,0,0,0,0,0,9,Chinook Winter 2016-2017 MSF Report
3/13/2017,3/19/2017,0,0,0,0,0,0,81,Chinook Winter 2016-2017 Report
3/13/2017,3/19/2017,0,0,0,0,0,0,82,Chinook Winter 2016-2017 Report
3/13/2017,3/19/2017,0,0,0,3,0,0,6,Chinook Winter 2016-2017 MSF Report
3/13/2017,3/19/2017,0,0,0,0,0,6,9,Chinook Winter 2016-2017 MSF Report
3/20/2017,3/26/2017,0,0,0,0,0,0,81,Chinook Winter 2016-2017 Report
3/20/2017,3/26/2017,0,0,0,0,0,0,82,Chinook Winter 2016-2017 Report
3/20/2017,3/26/2017,0,0,0,0,0,0,6,Chinook Winter 2016-2017 MSF Report
3/20/2017,3/26/2017,0,0,0,0,0,3,9,Chinook Winter 2016-2017 MSF Report
3/25/2017,3/26/2017,0,0,0,0,0,0,7,Chinook Winter 2016-2017 MSF Report
3/27/2017,4/2/2017,0,0,0,0,0,0,81,Chinook Winter 2016-2017 Report
3/27/2017,4/2/2017,0,0,0,2,0,0,82,Chinook Winter 2016-2017 Report
3/27/2017,4/2/2017,0,0,0,0,0,0,6,Chinook Winter 2016-2017 MSF Report
3/27/2017,4/2/2017,0,0,0,0,0,0,7,Chinook Winter 2016-2017 MSF Report
3/27/2017,4/2/2017,0,0,0,0,0,3,9,Chinook Winter 2016-2017 MSF Report
4/3/2017,4/9/2017,0,0,0,0,0,0,81,Chinook Winter 2016-2017 Report
4/3/2017,4/9/2017,0,0,0,0,0,0,82,Chinook Winter 2016-2017 Report
4/3/2017,4/9/2017,0,0,0,0,0,0,6,Chinook Winter 2016-2017 MSF Report
4/3/2017,4/9/2017,0,0,0,0,0,0,7,Chinook Winter 2016-2017 MSF Report
4/3/2017,4/9/2017,0,0,0,0,0,0,9,Chinook Winter 2016-2017 MSF Report
4/10/2017,4/16/2017,0,0,0,0,0,0,81,Chinook Winter 2016-2017 Report
4/10/2017,4/16/2017,0,0,0,0,2,0,82,Chinook Winter 2016-2017 Report
4/10/2017,4/15/2017,0,0,0,0,0,0,6,Chinook Winter 2016-2017 MSF Report
4/10/2017,4/16/2017,0,0,0,0,0,0,7,Chinook Winter 2016-2017 MSF Report
4/10/2017,4/15/2017,0,0,0,0,0,0,9,Chinook Winter 2016-2017 MSF Report
4/17/2017,4/21/2017,0,0,0,0,0,0,7,Chinook Winter 2016-2017 MSF Report
4/21/2017,4/23/2017,0,0,0,0,0,0,81,Chinook Winter 2016-2017 Report
4/21/2017,4/23/2017,0,0,0,2,0,0,82,Chinook Winter 2016-2017 Report
4/24/2017,4/30/2017,0,0,0,0,0,0,81,Chinook Winter 2016-2017 Report
4/24/2017,4/30/2017,0,0,0,0,0,0,82,Chinook Winter 2016-2017 Report
6/1/2017,6/4/2017,0,0,0,0,0,2,11,Chinook Summer 2017 MSF Report
6/5/2017,6/11/2017,0,0,0,0,0,7,11,Chinook Summer 2017 MSF Report
6/12/2017,6/18/2017,0,5,0,17,0,0,11,Chinook Summer 2017 MSF Report
6/19/2017,6/25/2017,2,5,0,5,0,0,11,Chinook Summer 2017 MSF Report
6/26/2017,7/2/2017,10,6,0,3,7,0,11,Chinook Summer 2017 MSF Report
7/1/2017,7/2/2017,35.31697994,0,0,23.22383425,27.11672241,34.35034122,5,Summer In-Season Coho Estimates
7/1/2017,7/2/2017,0,0,0,0,0,0,7,Chinook Summer 2017 MSF Report
7/3/2017,7/9/2017,21.84934233,0,0,73.49204411,69.15510271,40.62538157,5,Summer In-Season Coho Estimates
7/3/2017,7/9/2017,0,0,0,0,0,17,7,Chinook Summer 2017 MSF Report
7/3/2017,7/9/2017,36,6,0,7,11,3,11,Chinook Summer 2017 MSF Report
7/10/2017,7/16/2017,25.94850086,0,0,85.95018393,28.51399989,40.53730337,5,Summer In-Season Coho Estimates
7/10/2017,7/16/2017,0,0,0,0,0,10,7,Chinook Summer 2017 MSF Report
7/10/2017,7/16/2017,33,14,0,69,5,27,11,Chinook Summer 2017 MSF Report
7/16/2017,7/16/2017,0,0,0,31,62,0,9,Chinook Summer 2017 MSF Report
7/16/2017,7/16/2017,77,0,0,25,40,84,10,Chinook Summer 2017 MSF Report
7/17/2017,7/23/2017,75.22175288,0,0,150.3562721,31.53127605,54.84737255,5,Summer In-Season Coho Estimates
7/17/2017,7/23/2017,0,0,0,0,0,0,7,Chinook Summer 2017 MSF Report
7/17/2017,7/23/2017,335,12,0,130,231,0,9,Chinook Summer 2017 MSF Report
7/17/2017,7/23/2017,166,0,3,149,104,106,10,Chinook Summer 2017 MSF Report
7/17/2017,7/23/2017,118,50,0,145,44,35,11,Chinook Summer 2017 MSF Report
7/24/2017,7/30/2017,93.91412202,0,0,225.4150135,20.58978946,54.84737255,5,Summer In-Season Coho Estimates
7/24/2017,7/30/2017,0,0,0,0,0,0,7,Chinook Summer 2017 MSF Report
7/24/2017,7/30/2017,175,6,0,115,243,0,9,Chinook Summer 2017 MSF Report
7/24/2017,7/30/2017,338,8,0,326,246,294,10,Chinook Summer 2017 MSF Report
7/24/2017,7/30/2017,190,29,0,84,33,133,11,Chinook Summer 2017 MSF Report
7/31/2017,8/6/2017,63.23749455,0,0,655.461835,55.60375742,72.08162692,5,Summer In-Season Coho Estimates
7/31/2017,7/31/2017,0,0,0,0,0,0,7,Chinook Summer 2017 MSF Report
7/31/2017,8/6/2017,250,5,0,237,135,206,10,Chinook Summer 2017 MSF Report
7/31/2017,8/6/2017,177,40,0,76,15,101,11,Chinook Summer 2017 MSF Report
8/7/2017,8/13/2017,90.15697476,0,0,738.666026,51.81674032,54.68940813,5,Summer In-Season Coho Estimates
8/7/2017,8/13/2017,232,10,0,254,246,182,10,Chinook Summer 2017 MSF Report
8/7/2017,8/13/2017,185,45,0,54,8,131,11,Chinook Summer 2017 MSF Report
8/14/2017,8/15/2017,0,0,0,0,0,0,5,Summer In-Season Coho Estimates
8/14/2017,8/15/2017,76,0,0,62,53,173,10,Chinook Summer 2017 MSF Report
8/14/2017,8/20/2017,206,51,0,186,97,449,11,Chinook Summer 2017 MSF Report
8/16/2017,8/20/2017,300.0406332,0,0,408.8574559,31.44158002,90.62323042,5,Summer In-Season Coho Estimates
8/21/2017,8/27/2017,394.4929989,0,0,269.8647174,30.84359076,218.8424188,5,Summer In-Season Coho Estimates
8/21/2017,8/27/2017,236,65,0,49,37,183,11,Chinook Summer 2017 MSF Report
8/28/2017,8/31/2017,1601.161099,0,0,2506.947203,586.6950357,1014.288485,5,Summer In-Season Coho Estimates
8/28/2017,9/3/2017,141,80,0,72,36,78,11,Chinook Summer 2017 MSF Report
9/4/2017,9/10/2017,190,44,0,109,50,128,11,Chinook Summer 2017 MSF Report
9/11/2017,9/17/2017,321,39,0,66,18,132,11,Chinook Summer 2017 MSF Report
9/18/2017,9/24/2017,526,53,0,130,102,432,11,Chinook Summer 2017 MSF Report
9/25/2017,9/30/2017,240,15,0,48,50,289,11,Chinook Summer 2017 MSF Report
11/1/2017,11/5/2017,0,0,0,0,0,24,81,Chinook Winter 2017-2018 Report
11/1/2017,11/5/2017,0,0,0,5,4,1,82,Chinook Winter 2017-2018 Report
11/1/2017,11/5/2017,0,0,0,9,9,44,9,Chinook Winter 2017-2018 MSF Report
11/1/2017,11/5/2017,0,0,0,4,16,4,10,Chinook Winter 2017-2018 MSF Report
11/6/2017,11/12/2017,0,0,0,0,0,0,81,Chinook Winter 2017-2018 Report
11/6/2017,11/12/2017,0,0,0,6,0,12,82,Chinook Winter 2017-2018 Report
11/6/2017,11/12/2017,0,0,0,24,18,88,9,Chinook Winter 2017-2018 MSF Report
11/6/2017,11/12/2017,0,0,0,8,31,8,10,Chinook Winter 2017-2018 MSF Report
11/13/2017,11/19/2017,0,0,0,0,0,15,10,Chinook Winter 2017-2018 MSF Report
11/20/2017,11/26/2017,0,0,0,0,0,0,10,Chinook Winter 2017-2018 MSF Report
11/27/2017,12/3/2017,0,0,0,0,0,0,10,Chinook Winter 2017-2018 MSF Report
12/4/2017,12/10/2017,0,0,0,0,0,0,10,Chinook Winter 2017-2018 MSF Report
12/11/2017,12/17/2017,0,0,0,0,0,0,10,Chinook Winter 2017-2018 MSF Report
12/18/2017,12/24/2017,0,0,0,0,0,0,10,Chinook Winter 2017-2018 MSF Report
12/25/2017,12/31/2017,0,0,0,0,0,0,10,Chinook Winter 2017-2018 MSF Report
1/1/2018,1/7/2018,0,0,0,0,0,0,7,Chinook Winter 2017-2018 MSF Report
1/1/2018,1/7/2018,0,0,0,0,0,0,10,Chinook Winter 2017-2018 MSF Report
1/8/2018,1/14/2018,0,0,0,0,0,0,7,Chinook Winter 2017-2018 MSF Report
1/8/2018,1/14/2018,0,0,0,0,0,0,10,Chinook Winter 2017-2018 MSF Report
1/15/2018,1/21/2018,0,0,0,0,0,0,7,Chinook Winter 2017-2018 MSF Report
1/15/2018,1/21/2018,0,0,0,0,0,0,10,Chinook Winter 2017-2018 MSF Report
1/22/2018,1/28/2018,0,0,0,0,0,0,7,Chinook Winter 2017-2018 MSF Report
1/22/2018,1/28/2018,0,0,0,0,0,0,10,Chinook Winter 2017-2018 MSF Report
1/29/2018,2/4/2018,0,0,0,0,0,0,7,Chinook Winter 2017-2018 MSF Report
1/29/2018,2/4/2018,0,0,0,0,0,0,10,Chinook Winter 2017-2018 MSF Report
2/5/2018,2/11/2018,0,0,0,0,0,0,7,Chinook Winter 2017-2018 MSF Report
2/5/2018,2/11/2018,0,0,0,16,0,0,10,Chinook Winter 2017-2018 MSF Report
2/12/2018,2/18/2018,0,0,0,0,0,0,7,Chinook Winter 2017-2018 MSF Report
2/12/2018,2/18/2018,0,0,0,16,0,0,10,Chinook Winter 2017-2018 MSF Report
2/16/2018,2/18/2018,0,0,0,0,0,0,81,Chinook Winter 2017-2018 Report
2/16/2018,2/18/2018,0,0,0,0,0,0,82,Chinook Winter 2017-2018 Report
2/16/2018,2/18/2018,0,0,0,0,0,0,9,Chinook Winter 2017-2018 MSF Report
2/19/2018,2/25/2018,0,0,0,0,0,0,81,Chinook Winter 2017-2018 Report
2/19/2018,2/25/2018,0,0,0,0,0,0,82,Chinook Winter 2017-2018 Report
2/19/2018,2/25/2018,0,0,0,0,0,0,7,Chinook Winter 2017-2018 MSF Report
2/19/2018,2/25/2018,0,0,0,0,0,0,9,Chinook Winter 2017-2018 MSF Report
2/19/2018,2/25/2018,0,0,0,0,0,0,10,Chinook Winter 2017-2018 MSF Report
2/26/2018,3/4/2018,0,0,0,0,0,0,81,Chinook Winter 2017-2018 Report
2/26/2018,3/4/2018,0,0,0,0,0,0,82,Chinook Winter 2017-2018 Report
2/26/2018,3/4/2018,0,0,0,0,0,0,7,Chinook Winter 2017-2018 MSF Report
2/26/2018,3/4/2018,0,0,0,0,0,0,9,Chinook Winter 2017-2018 MSF Report
2/26/2018,2/28/2018,0,0,0,0,0,0,10,Chinook Winter 2017-2018 MSF Report
3/1/2018,3/4/2018,0,0,0,0,0,0,6,Chinook Winter 2017-2018 MSF Report
3/5/2018,3/11/2018,0,0,0,0,0,0,81,Chinook Winter 2017-2018 Report
3/5/2018,3/11/2018,0,0,0,0,0,0,82,Chinook Winter 2017-2018 Report
3/5/2018,3/11/2018,0,0,0,0,0,0,6,Chinook Winter 2017-2018 MSF Report
3/5/2018,3/11/2018,0,0,0,0,0,0,7,Chinook Winter 2017-2018 MSF Report
3/5/2018,3/11/2018,0,0,0,0,0,0,9,Chinook Winter 2017-2018 MSF Report
3/12/2018,3/18/2018,0,0,0,0,0,0,81,Chinook Winter 2017-2018 Report
3/12/2018,3/18/2018,0,0,0,0,0,0,82,Chinook Winter 2017-2018 Report
3/12/2018,3/18/2018,0,0,0,0,0,0,6,Chinook Winter 2017-2018 MSF Report
3/12/2018,3/18/2018,0,0,0,0,0,0,7,Chinook Winter 2017-2018 MSF Report
3/12/2018,3/18/2018,0,0,0,0,0,0,9,Chinook Winter 2017-2018 MSF Report
3/19/2018,3/25/2018,0,0,0,0,0,0,81,Chinook Winter 2017-2018 Report
3/19/2018,3/25/2018,0,0,0,0,0,0,82,Chinook Winter 2017-2018 Report
3/19/2018,3/25/2018,0,0,0,0,0,0,6,Chinook Winter 2017-2018 MSF Report
3/19/2018,3/25/2018,0,0,0,0,0,0,7,Chinook Winter 2017-2018 MSF Report
3/19/2018,3/25/2018,0,0,0,0,0,0,9,Chinook Winter 2017-2018 MSF Report
3/26/2018,4/1/2018,0,0,0,0,0,0,81,Chinook Winter 2017-2018 Report
3/26/2018,4/1/2018,0,0,0,6,0,0,82,Chinook Winter 2017-2018 Report
3/26/2018,4/1/2018,0,0,0,0,0,0,6,Chinook Winter 2017-2018 MSF Report
3/26/2018,4/1/2018,0,0,0,0,0,0,7,Chinook Winter 2017-2018 MSF Report
3/30/2018,4/1/2018,0,0,0,0,0,0,9,Chinook Winter 2017-2018 MSF Report
4/2/2018,4/8/2018,0,0,0,0,0,0,81,Chinook Winter 2017-2018 Report
4/2/2018,4/8/2018,0,0,0,0,0,0,82,Chinook Winter 2017-2018 Report
4/2/2018,4/8/2018,0,0,0,0,0,0,6,Chinook Winter 2017-2018 MSF Report
4/2/2018,4/8/2018,0,0,0,0,0,0,7,Chinook Winter 2017-2018 MSF Report
4/2/2018,4/8/2018,0,0,0,0,0,3,9,Chinook Winter 2017-2018 MSF Report
4/9/2018,4/15/2018,0,0,0,0,0,0,81,Chinook Winter 2017-2018 Report
4/9/2018,4/15/2018,0,0,0,0,0,0,82,Chinook Winter 2017-2018 Report
4/9/2018,4/15/2018,0,0,0,0,0,0,7,Chinook Winter 2017-2018 MSF Report
4/9/2018,4/15/2018,0,0,0,0,0,0,9,Chinook Winter 2017-2018 MSF Report
4/16/2018,4/22/2018,0,0,0,0,0,0,81,Chinook Winter 2017-2018 Report
4/16/2018,4/22/2018,0,0,0,0,0,0,82,Chinook Winter 2017-2018 Report
4/20/2018,4/22/2018,0,0,0,0,0,0,7,Chinook Winter 2017-2018 MSF Report
4/23/2018,4/29/2018,0,0,0,0,0,0,81,Chinook Winter 2017-2018 Report
4/23/2018,4/29/2018,0,0,0,0,0,0,82,Chinook Winter 2017-2018 Report
4/23/2018,4/29/2018,0,0,0,0,0,0,7,Chinook Winter 2017-2018 MSF Report
4/30/2018,4/30/2018,0,0,0,0,0,0,81,Chinook Winter 2017-2018 Report
4/30/2018,4/30/2018,0,0,0,0,0,0,82,Chinook Winter 2017-2018 Report
4/30/2018,4/30/2018,0,0,0,0,0,0,7,Chinook Winter 2017-2018 MSF Report
6/1/2018,6/3/2018,0,0,0,0,0,0,11,Chinook Summer 2018 MSF Report
6/4/2018,6/10/2018,0,0,0,3,0,0,11,Chinook Summer 2018 MSF Report
6/11/2018,6/17/2018,0,0,0,0,0,0,11,Chinook Summer 2018 MSF Report
6/18/2018,6/24/2018,22,0,0,17,0,0,11,Chinook Summer 2018 MSF Report
6/25/2018,7/1/2018,27,0,0,13,0,0,11,Chinook Summer 2018 MSF Report
7/1/2018,7/1/2018,17,0,0,11,33,27,5,Summer In-Season Coho Estimates
7/1/2018,7/1/2018,0,0,0,0,0,0,7,Chinook Summer 2018 MSF Report
7/2/2018,7/8/2018,65,0,0,17,63,128,5,Summer In-Season Coho Estimates
7/2/2018,7/8/2018,0,0,0,5,12,12,7,Chinook Summer 2018 MSF Report
7/2/2018,7/8/2018,3,0,0,3,26,11,11,Chinook Summer 2018 MSF Report
7/9/2018,7/15/2018,78,0,0,22,112,82,5,Summer In-Season Coho Estimates
7/9/2018,7/15/2018,0,0,0,5,0,0,7,Chinook Summer 2018 MSF Report
7/9/2018,7/15/2018,0,9,0,7,8,21,11,Chinook Summer 2018 MSF Report
7/16/2018,7/22/2018,123,6,0,48,144,63,5,Summer In-Season Coho Estimates
7/16/2018,7/22/2018,0,4,0,0,0,16,7,Chinook Summer 2018 MSF Report
7/16/2018,7/22/2018,308,3,0,112,244,114,9,Chinook Summer 2018 MSF Report
7/16/2018,7/22/2018,854,285,5,181,198,360,10,Chinook Summer 2018 MSF Report
7/16/2018,7/22/2018,58,24,0,9,11,0,11,Chinook Summer 2018 MSF Report
7/23/2018,7/29/2018,52,0,0,21,74,64,5,Summer In-Season Coho Estimates
7/23/2018,7/29/2018,12,4,0,4,4,0,7,Chinook Summer 2018 MSF Report
7/23/2018,7/29/2018,141,3,0,67,67,42,9,Chinook Summer 2018 MSF Report
7/23/2018,7/29/2018,538,156,0,154,33,303,10,Chinook Summer 2018 MSF Report
7/23/2018,7/29/2018,49,10,0,25,4,12,11,Chinook Summer 2018 MSF Report
7/30/2018,8/5/2018,107,0,0,13,164,132,5,Summer In-Season Coho Estimates
7/30/2018,7/31/2018,0,0,0,0,0,0,7,Chinook Summer 2018 MSF Report
7/30/2018,8/5/2018,500,155,0,75,48,268,10,Chinook Summer 2018 MSF Report
7/30/2018,8/5/2018,24,23,0,27,0,16,11,Chinook Summer 2018 MSF Report
8/6/2018,8/12/2018,46,0,0,0,38,20,5,Summer In-Season Coho Estimates
8/6/2018,8/12/2018,586,211,10,92,60,295,10,Chinook Summer 2018 MSF Report
8/6/2018,8/12/2018,78,36,0,49,8,9,11,Chinook Summer 2018 MSF Report
8/13/2018,8/15/2018,45,0,0,0,37,0,5,Summer In-Season Coho Estimates
8/13/2018,8/16/2018,340,164,0,49,5,213,10,Chinook Summer 2018 MSF Report
8/13/2018,8/19/2018,151,58,0,53,4,10,11,Chinook Summer 2018 MSF Report
8/16/2018,8/19/2018,357,1,0,61,566,88,5,Summer In-Season Coho Estimates
8/20/2018,8/26/2018,1291,9,0,200,1161,656,5,Summer In-Season Coho Estimates
8/20/2018,8/25/2018,330,180,29,5,0,20,11,Chinook Summer 2018 MSF Report
8/27/2018,9/2/2018,4621,0,0,654,4449,454,5,Summer In-Season Coho Estimates
9/3/2018,9/9/2018,2697,17,0,415,3067,368,5,Summer In-Season Coho Estimates
9/10/2018,9/16/2018,2258,12,0,401,4580,566,5,Summer In-Season Coho Estimates
9/17/2018,9/23/2018,1601,0,0,156,5260,903,5,Summer In-Season Coho Estimates
9/24/2018,9/30/2018,900,0,0,272,3659,656,5,Summer In-Season Coho Estimates
12/1/2018,12/2/2018,0,0,0,0,0,0,81,Chinook Winter 2018-2019 Report
12/1/2018,12/2/2018,0,0,0,0,0,0,82,Chinook Winter 2018-2019 Report
12/3/2018,12/9/2018,0,0,0,0,0,0,81,Chinook Winter 2018-2019 Report
12/3/2018,12/9/2018,0,0,0,0,0,0,82,Chinook Winter 2018-2019 Report
12/10/2018,12/16/2018,0,0,0,0,0,0,81,Chinook Winter 2018-2019 Report
12/10/2018,12/16/2018,0,0,0,0,0,0,82,Chinook Winter 2018-2019 Report
12/17/2018,12/23/2018,0,0,0,0,0,0,81,Chinook Winter 2018-2019 Report
12/17/2018,12/23/2018,0,0,0,12,0,0,82,Chinook Winter 2018-2019 Report
12/24/2018,12/30/2018,0,0,0,0,0,0,81,Chinook Winter 2018-2019 Report
12/24/2018,12/30/2018,0,0,0,12,0,0,82,Chinook Winter 2018-2019 Report
12/31/2018,1/6/2019,0,0,0,0,0,0,81,Chinook Winter 2018-2019 Report
12/31/2018,1/6/2019,0,0,0,1,0,0,82,Chinook Winter 2018-2019 Report
1/1/2019,1/6/2019,0,0,0,0,0,5,7,Chinook Winter 2018-2019 MSF Report
1/1/2019,1/6/2019,0,0,0,4,0,0,9,Chinook Winter 2018-2019 MSF Report
1/1/2019,1/6/2019,0,0,0,9,0,13,10,Chinook Winter 2018-2019 MSF Report
1/7/2019,1/13/2019,0,0,0,0,0,0,81,Chinook Winter 2018-2019 Report
1/7/2019,1/13/2019,0,0,0,5,0,3,82,Chinook Winter 2018-2019 Report
1/7/2019,1/13/2019,0,0,0,0,0,0,7,Chinook Winter 2018-2019 MSF Report
1/7/2019,1/13/2019,0,0,0,0,0,0,9,Chinook Winter 2018-2019 MSF Report
1/7/2019,1/13/2019,0,0,0,48,22,19,10,Chinook Winter 2018-2019 MSF Report
1/14/2019,1/20/2019,0,0,0,0,0,0,81,Chinook Winter 2018-2019 Report
1/14/2019,1/20/2019,0,0,0,0,2,3,82,Chinook Winter 2018-2019 Report
1/14/2019,1/20/2019,0,0,0,0,0,0,7,Chinook Winter 2018-2019 MSF Report
1/14/2019,1/20/2019,0,0,0,0,0,0,9,Chinook Winter 2018-2019 MSF Report
1/14/2019,1/19/2019,26,0,0,35,0,23,10,Chinook Winter 2018-2019 MSF Report
1/21/2019,1/27/2019,0,0,0,0,0,0,81,Chinook Winter 2018-2019 Report
1/21/2019,1/27/2019,0,0,0,4,0,3,82,Chinook Winter 2018-2019 Report
1/21/2019,1/27/2019,0,0,0,0,0,0,7,Chinook Winter 2018-2019 MSF Report
1/21/2019,1/27/2019,0,0,0,0,0,0,9,Chinook Winter 2018-2019 MSF Report
1/28/2019,2/3/2019,0,0,0,0,0,0,81,Chinook Winter 2018-2019 Report
1/28/2019,2/3/2019,0,0,0,0,0,0,82,Chinook Winter 2018-2019 Report
1/28/2019,2/3/2019,0,0,0,0,0,0,7,Chinook Winter 2018-2019 MSF Report
1/28/2019,2/3/2019,0,0,0,0,0,0,9,Chinook Winter 2018-2019 MSF Report
2/1/2019,2/3/2019,0,0,0,0,0,0,6,Chinook Winter 2018-2019 MSF Report
2/4/2019,2/10/2019,0,0,0,0,0,0,81,Chinook Winter 2018-2019 Report
2/4/2019,2/10/2019,0,0,0,0,0,0,82,Chinook Winter 2018-2019 Report
2/4/2019,2/10/2019,0,0,0,0,0,0,6,Chinook Winter 2018-2019 MSF Report
2/4/2019,2/10/2019,0,0,0,0,0,0,7,Chinook Winter 2018-2019 MSF Report
2/4/2019,2/10/2019,0,0,0,0,0,0,9,Chinook Winter 2018-2019 MSF Report
2/11/2019,2/17/2019,0,0,0,0,0,0,81,Chinook Winter 2018-2019 Report
2/11/2019,2/17/2019,0,0,0,0,0,0,82,Chinook Winter 2018-2019 Report
2/11/2019,2/17/2019,0,0,0,0,0,0,6,Chinook Winter 2018-2019 MSF Report
2/11/2019,2/17/2019,0,0,0,0,0,0,7,Chinook Winter 2018-2019 MSF Report
2/11/2019,2/17/2019,0,0,0,0,0,0,9,Chinook Winter 2018-2019 MSF Report
2/18/2019,2/24/2019,0,0,0,0,3,0,81,Chinook Winter 2018-2019 Report
2/18/2019,2/24/2019,0,0,0,0,0,0,82,Chinook Winter 2018-2019 Report
2/18/2019,2/24/2019,0,0,0,0,0,0,6,Chinook Winter 2018-2019 MSF Report
2/18/2019,2/24/2019,0,0,0,0,0,0,7,Chinook Winter 2018-2019 MSF Report
2/18/2019,2/24/2019,0,0,0,0,0,0,9,Chinook Winter 2018-2019 MSF Report
2/25/2019,3/3/2019,0,0,0,0,0,0,81,Chinook Winter 2018-2019 Report
2/25/2019,3/3/2019,0,0,0,0,0,0,82,Chinook Winter 2018-2019 Report
2/25/2019,3/3/2019,0,0,0,0,0,0,6,Chinook Winter 2018-2019 MSF Report
2/25/2019,3/3/2019,0,0,0,0,0,0,7,Chinook Winter 2018-2019 MSF Report
2/25/2019,3/3/2019,0,0,0,0,0,73,9,Chinook Winter 2018-2019 MSF Report
3/4/2019,3/10/2019,0,0,0,0,0,0,81,Chinook Winter 2018-2019 Report
3/4/2019,3/10/2019,0,0,0,0,0,0,82,Chinook Winter 2018-2019 Report
3/4/2019,3/10/2019,0,0,0,0,0,0,6,Chinook Winter 2018-2019 MSF Report
3/4/2019,3/10/2019,0,0,0,0,0,0,7,Chinook Winter 2018-2019 MSF Report
3/4/2019,3/10/2019,0,0,0,32,7,48,9,Chinook Winter 2018-2019 MSF Report
3/11/2019,3/17/2019,0,0,0,0,0,0,81,Chinook Winter 2018-2019 Report
3/11/2019,3/17/2019,0,0,0,3,0,0,82,Chinook Winter 2018-2019 Report
3/11/2019,3/17/2019,0,0,0,5,0,0,6,Chinook Winter 2018-2019 MSF Report
3/11/2019,3/17/2019,0,0,0,0,0,0,7,Chinook Winter 2018-2019 MSF Report
3/11/2019,3/17/2019,0,0,0,7,0,0,9,Chinook Winter 2018-2019 MSF Report
3/18/2019,3/24/2019,0,0,0,0,0,0,81,Chinook Winter 2018-2019 Report
3/18/2019,3/24/2019,0,0,0,3,0,0,82,Chinook Winter 2018-2019 Report
3/18/2019,3/24/2019,0,0,0,0,0,0,6,Chinook Winter 2018-2019 MSF Report
3/18/2019,3/24/2019,0,0,0,0,0,0,7,Chinook Winter 2018-2019 MSF Report
3/18/2019,3/24/2019,0,0,0,11,0,4,9,Chinook Winter 2018-2019 MSF Report
3/25/2019,3/31/2019,0,0,0,0,0,0,81,Chinook Winter 2018-2019 Report
3/25/2019,3/31/2019,0,0,0,0,0,0,82,Chinook Winter 2018-2019 Report
3/25/2019,3/31/2019,0,0,0,0,0,0,6,Chinook Winter 2018-2019 MSF Report
3/25/2019,3/31/2019,0,0,0,0,0,0,7,Chinook Winter 2018-2019 MSF Report
3/25/2019,3/31/2019,0,0,0,41,22,31,9,Chinook Winter 2018-2019 MSF Report
4/1/2019,4/7/2019,0,0,0,0,0,0,81,Chinook Winter 2018-2019 Report
4/1/2019,4/7/2019,0,0,0,0,0,0,82,Chinook Winter 2018-2019 Report
4/1/2019,4/7/2019,0,0,0,0,0,0,6,Chinook Winter 2018-2019 MSF Report
4/1/2019,4/7/2019,0,0,0,0,0,0,7,Chinook Winter 2018-2019 MSF Report
4/1/2019,4/7/2019,0,0,0,19,0,10,9,Chinook Winter 2018-2019 MSF Report
4/8/2019,4/10/2019,0,0,0,0,0,0,81,Chinook Winter 2018-2019 Report
4/8/2019,4/10/2019,0,0,0,0,0,0,82,Chinook Winter 2018-2019 Report
4/8/2019,4/14/2019,0,0,0,0,0,0,7,Chinook Winter 2018-2019 MSF Report
4/8/2019,4/14/2019,0,0,0,70,4,35,9,Chinook Winter 2018-2019 MSF Report
4/12/2019,4/14/2019,0,0,0,0,0,0,6,Chinook Winter 2018-2019 MSF Report
4/15/2019,4/15/2019,0,0,0,0,0,0,6,Chinook Winter 2018-2019 MSF Report
4/15/2019,4/15/2019,0,0,0,0,0,0,7,Chinook Winter 2018-2019 MSF Report
4/15/2019,4/15/2019,0,0,0,16,0,2,9,Chinook Winter 2018-2019 MSF Report
7/1/2019,7/7/2019,391.7313587,15.5570979,0,41.93036087,456.7230802,161.2791008,5,Summer In-Season Coho Estimates
7/1/2019,7/7/2019,0,0,0,0,0,3,7,Chinook Summer 2019 MSF Report
7/1/2019,7/7/2019,8,10,0,0,21,14,11,Chinook Summer 2019 MSF Report
7/8/2019,7/14/2019,151.4720427,6.265383472,0,57.11116083,168.4866788,38.34918018,5,Summer In-Season Coho Estimates
7/8/2019,7/14/2019,10,3,0,0,7,0,7,Chinook Summer 2019 MSF Report
7/8/2019,7/14/2019,15,12,0,0,9,2,11,Chinook Summer 2019 MSF Report
7/15/2019,7/21/2019,84.62550695,2.778398078,0,12.39014938,178.3166122,33.80843013,5,Summer In-Season Coho Estimates
7/15/2019,7/21/2019,0,10,0,3,8,17,7,Chinook Summer 2019 MSF Report
7/15/2019,7/21/2019,122,63,0,6,18,76,11,Chinook Summer 2019 MSF Report
7/22/2019,7/28/2019,55.04657299,4.196323536,0,15.42939387,105.4673166,20.93042571,5,Summer In-Season Coho Estimates
7/22/2019,7/28/2019,0,0,0,0,8,7,7,Chinook Summer 2019 MSF Report
7/22/2019,7/28/2019,23,11,0,14,7,46,11,Chinook Summer 2019 MSF Report
7/25/2019,7/28/2019,389,12,12,76,201,160,9,Chinook Summer 2019 MSF Report
7/25/2019,7/28/2019,375,173,0,67,39,147,10,Chinook Summer 2019 MSF Report
7/29/2019,8/4/2019,99.51769164,0,0,3.019627149,192.1702386,78.90132827,5,Summer In-Season Coho Estimates
7/29/2019,7/31/2019,0,28,0,0,0,0,7,Chinook Summer 2019 MSF Report
7/29/2019,8/4/2019,304,170,3,47,28,179,10,Chinook Summer 2019 MSF Report
7/29/2019,8/4/2019,48,17,0,14,7,21,11,Chinook Summer 2019 MSF Report
7/31/2019,8/4/2019,98,3,0,22,264,44,9,Chinook Summer 2019 MSF Report
8/5/2019,8/11/2019,227.3447631,0,0,11.80980836,238.5338068,108.1697423,5,Summer In-Season Coho Estimates
8/5/2019,8/11/2019,405,249,5,58,109,295,10,Chinook Summer 2019 MSF Report
8/5/2019,8/11/2019,41,28,0,6,2,21,11,Chinook Summer 2019 MSF Report
8/6/2019,8/9/2019,183,8,0,25,159,40,9,Chinook Summer 2019 MSF Report
8/12/2019,8/15/2019,67.5410273,11.01405887,0,11.74239591,33.04217662,22.02811774,5,Summer In-Season Coho Estimates
8/12/2019,8/16/2019,196,165,0,57,62,156,10,Chinook Summer 2019 MSF Report
8/12/2019,8/18/2019,97,26,0,11,32,29,11,Chinook Summer 2019 MSF Report
8/16/2019,8/18/2019,139.2322451,2.903487643,0,8.710462929,133.6474065,58.27995591,5,Summer In-Season Coho Estimates
8/19/2019,8/25/2019,1703.196422,20.54141307,0,193.1162113,1705.361151,138.5133613,5,Summer In-Season Coho Estimates
8/19/2019,8/25/2019,130,78,0,11,18,27,11,Chinook Summer 2019 MSF Report
8/26/2019,9/1/2019,2286.753395,22.57997221,0,364.5970609,3070.818464,459.4996558,5,Summer In-Season Coho Estimates
9/2/2019,9/8/2019,1674.245517,0,0,177.9353636,2820.934364,386.3858745,5,Summer In-Season Coho Estimates
9/9/2019,9/15/2019,3968.147368,31.4903663,0,458.2324385,10882.609,11.59306554,5,Summer In-Season Coho Estimates
9/16/2019,9/22/2019,850.3577648,3.629281826,0,133.2210229,4277.00366,378.0447173,5,Summer In-Season Coho Estimates
9/23/2019,9/30/2019,428.8620436,4.536602283,0,126.1687349,2339.660477,232.9948683,5,Summer In-Season Coho Estimates
1/1/2020,1/5/2020,0,0,0,0,0,0,10,Chinook Winter 2019-2020 MSF Report
1/6/2020,1/12/2020,0,0,0,0,0,0,10,Chinook Winter 2019-2020 MSF Report
1/13/2020,1/19/2020,0,0,0,0,0,0,10,Chinook Winter 2019-2020 MSF Report
1/20/2020,1/26/2020,0,0,0,0,0,3,10,Chinook Winter 2019-2020 MSF Report
1/27/2020,2/2/2020,0,0,0,0,0,0,10,Chinook Winter 2019-2020 MSF Report
2/1/2020,2/2/2020,0,0,0,0,0,0,81,Chinook Winter 2019-2020 Report
2/1/2020,2/2/2020,0,0,0,0,0,0,82,Chinook Winter 2019-2020 Report
2/1/2020,2/2/2020,0,0,0,0,0,0,7,Chinook Winter 2019-2020 MSF Report
2/1/2020,2/2/2020,0,0,0,0,0,0,9,Chinook Winter 2019-2020 MSF Report
2/3/2020,2/9/2020,0,0,0,0,0,0,81,Chinook Winter 2019-2020 Report
2/3/2020,2/9/2020,0,0,0,0,0,0,82,Chinook Winter 2019-2020 Report
2/3/2020,2/9/2020,0,0,0,0,0,0,7,Chinook Winter 2019-2020 MSF Report
2/3/2020,2/9/2020,0,0,0,0,0,7,9,Chinook Winter 2019-2020 MSF Report
2/3/2020,2/9/2020,0,0,0,0,0,4,10,Chinook Winter 2019-2020 MSF Report
2/10/2020,2/16/2020,0,0,0,0,0,0,81,Chinook Winter 2019-2020 Report
2/10/2020,2/16/2020,0,0,0,0,0,0,82,Chinook Winter 2019-2020 Report
2/10/2020,2/16/2020,0,0,0,0,0,0,7,Chinook Winter 2019-2020 MSF Report
2/10/2020,2/16/2020,0,0,0,0,0,4,9,Chinook Winter 2019-2020 MSF Report
2/10/2020,2/16/2020,0,0,0,0,13,0,10,Chinook Winter 2019-2020 MSF Report
2/17/2020,2/23/2020,0,0,0,0,0,0,81,Chinook Winter 2019-2020 Report
2/17/2020,2/23/2020,0,0,0,2,0,6,82,Chinook Winter 2019-2020 Report
2/17/2020,2/23/2020,0,0,0,0,0,10,7,Chinook Winter 2019-2020 MSF Report
2/17/2020,2/23/2020,0,0,0,0,4,3,9,Chinook Winter 2019-2020 MSF Report
2/17/2020,2/23/2020,0,0,0,0,0,0,10,Chinook Winter 2019-2020 MSF Report
2/24/2020,3/1/2020,0,0,0,0,0,0,81,Chinook Winter 2019-2020 Report
2/24/2020,3/1/2020,0,0,0,0,0,6,82,Chinook Winter 2019-2020 Report
2/24/2020,3/1/2020,0,0,0,0,0,5,7,Chinook Winter 2019-2020 MSF Report
2/24/2020,3/1/2020,0,0,0,0,7,0,9,Chinook Winter 2019-2020 MSF Report
2/24/2020,3/1/2020,0,0,0,0,0,5,10,Chinook Winter 2019-2020 MSF Report
3/1/2020,3/1/2020,0,0,0,0,0,2,6,Chinook Winter 2019-2020 MSF Report
3/2/2020,3/8/2020,0,0,0,0,0,0,81,Chinook Winter 2019-2020 Report
3/2/2020,3/8/2020,0,0,0,0,0,0,82,Chinook Winter 2019-2020 Report
3/2/2020,3/8/2020,0,0,0,2,0,15,6,Chinook Winter 2019-2020 MSF Report
3/2/2020,3/8/2020,0,0,0,0,0,0,7,Chinook Winter 2019-2020 MSF Report
3/2/2020,3/8/2020,0,0,0,0,0,9,9,Chinook Winter 2019-2020 MSF Report
3/2/2020,3/8/2020,0,0,0,0,0,4,10,Chinook Winter 2019-2020 MSF Report
3/9/2020,3/15/2020,0,0,0,0,0,0,81,Chinook Winter 2019-2020 Report
3/9/2020,3/15/2020,0,0,0,0,0,0,82,Chinook Winter 2019-2020 Report
3/9/2020,3/15/2020,0,0,0,0,0,0,6,Chinook Winter 2019-2020 MSF Report
3/9/2020,3/15/2020,0,0,0,0,0,0,7,Chinook Winter 2019-2020 MSF Report
3/9/2020,3/15/2020,0,0,0,0,0,0,9,Chinook Winter 2019-2020 MSF Report
3/9/2020,3/15/2020,0,0,0,0,0,0,10,Chinook Winter 2019-2020 MSF Report
3/16/2020,3/22/2020,0,0,0,0,0,0,81,Chinook Winter 2019-2020 Report
3/16/2020,3/22/2020,0,0,0,0,0,2,82,Chinook Winter 2019-2020 Report
3/16/2020,3/22/2020,0,0,0,2,0,5,6,Chinook Winter 2019-2020 MSF Report
3/16/2020,3/22/2020,0,0,0,0,0,0,7,Chinook Winter 2019-2020 MSF Report
3/16/2020,3/22/2020,0,0,0,0,0,0,9,Chinook Winter 2019-2020 MSF Report
3/16/2020,3/22/2020,0,0,0,0,0,5,10,Chinook Winter 2019-2020 MSF Report
3/23/2020,3/24/2020,0,0,0,0,0,0,81,Chinook Winter 2019-2020 Report
3/23/2020,3/24/2020,0,0,0,0,0,0,82,Chinook Winter 2019-2020 Report
3/23/2020,3/24/2020,0,0,0,0,0,2,6,Chinook Winter 2019-2020 MSF Report
3/23/2020,3/24/2020,0,0,0,0,0,0,7,Chinook Winter 2019-2020 MSF Report
3/23/2020,3/24/2020,0,0,0,0,0,0,9,Chinook Winter 2019-2020 MSF Report
3/23/2020,3/24/2020,0,0,0,0,0,0,10,Chinook Winter 2019-2020 MSF Report
7/1/2020,7/5/2020,393,12,60,202,652,511,5,Summer In-Season Coho Estimates
7/1/2020,7/5/2020,0,5,0,0,0,0,7,Chinook Summer 2020 MSF Report
7/1/2020,7/5/2020,25,24,0,3,0,6,11,Chinook Summer 2020 MSF Report
7/6/2020,7/12/2020,686,21,119,271,790,1068,5,Summer In-Season Coho Estimates
7/6/2020,7/12/2020,6,0,0,0,0,0,7,Chinook Summer 2020 MSF Report
7/6/2020,7/12/2020,14,4,0,6,3,0,11,Chinook Summer 2020 MSF Report
7/13/2020,7/19/2020,166,5,37,15,131,139,5,Summer In-Season Coho Estimates
7/13/2020,7/19/2020,0,5,0,0,0,0,7,Chinook Summer 2020 MSF Report
7/13/2020,7/19/2020,61,21,0,12,5,27,11,Chinook Summer 2020 MSF Report
7/16/2020,7/19/2020,673,57,0,111,280,900,9,Chinook Summer 2020 MSF Report
7/16/2020,7/19/2020,467,365,10,324,100,444,10,Chinook Summer 2020 MSF Report
7/20/2020,7/26/2020,156,4,20,37,146,107,5,Summer In-Season Coho Estimates
7/20/2020,7/26/2020,0,0,0,0,0,0,7,Chinook Summer 2020 MSF Report
7/20/2020,7/26/2020,460,10,10,126,299,696,9,Chinook Summer 2020 MSF Report
7/20/2020,7/26/2020,400,395,0,96,207,498,10,Chinook Summer 2020 MSF Report
7/20/2020,7/26/2020,47,20,0,38,5,76,11,Chinook Summer 2020 MSF Report
7/27/2020,8/2/2020,168,11,11,84,209,98,5,Summer In-Season Coho Estimates
7/27/2020,7/31/2020,12,0,0,0,0,0,7,Chinook Summer 2020 MSF Report
7/27/2020,8/2/2020,461,8,0,142,194,449,9,Chinook Summer 2020 MSF Report
7/27/2020,8/2/2020,342,314,0,203,82,580,10,Chinook Summer 2020 MSF Report
7/27/2020,8/2/2020,106,37,0,200,106,223,11,Chinook Summer 2020 MSF Report
8/3/2020,8/9/2020,471,36,61,127,328,106,5,Summer In-Season Coho Estimates
8/3/2020,8/9/2020,462,5,15,157,298,598,9,Chinook Summer 2020 MSF Report
8/3/2020,8/9/2020,451,440,0,360,147,650,10,Chinook Summer 2020 MSF Report
8/3/2020,8/9/2020,129,33,0,166,99,348,11,Chinook Summer 2020 MSF Report
8/10/2020,8/16/2020,566,41,146,49,485,111,5,Summer In-Season Coho Estimates
8/10/2020,8/15/2020,399,32,39,230,264,452,9,Chinook Summer 2020 MSF Report
8/10/2020,8/16/2020,488,445,0,233,52,943,10,Chinook Summer 2020 MSF Report
8/10/2020,8/16/2020,50,11,0,151,4,99,11,Chinook Summer 2020 MSF Report
8/17/2020,8/23/2020,1456,0,87,221,1401,428,5,Summer In-Season Coho Estimates
8/17/2020,8/23/2020,612,431,0,307,101,827,10,Chinook Summer 2020 MSF Report
8/17/2020,8/23/2020,103,33,0,47,0,13,11,Chinook Summer 2020 MSF Report
8/22/2020,8/23/2020,163,48,0,12,20,8,7,Chinook Summer 2020 MSF Report
8/24/2020,8/30/2020,1712,0,288,340,2350,569,5,Summer In-Season Coho Estimates
8/24/2020,8/30/2020,387,363,4,8,20,4,7,Chinook Summer 2020 MSF Report
8/24/2020,8/30/2020,968,1057,0,330,235,1269,10,Chinook Summer 2020 MSF Report
8/24/2020,8/30/2020,432,204,10,173,13,70,11,Chinook Summer 2020 MSF Report
8/31/2020,9/6/2020,3262,0,1017,613,4772,394,5,Summer In-Season Coho Estimates
8/31/2020,8/31/2020,80,32,0,0,0,4,7,Chinook Summer 2020 MSF Report
8/31/2020,8/31/2020,172,161,0,56,25,101,10,Chinook Summer 2020 MSF Report
8/31/2020,9/6/2020,398,145,10,143,20,79,11,Chinook Summer 2020 MSF Report
9/7/2020,9/13/2020,1023,0,192,124,2023,87,5,Summer In-Season Coho Estimates
9/7/2020,9/13/2020,97,6,0,45,0,59,11,Chinook Summer 2020 MSF Report
9/14/2020,9/20/2020,2094,12,350,234,4155,93,5,Summer In-Season Coho Estimates
9/14/2020,9/20/2020,181,30,0,45,0,36,11,Chinook Summer 2020 MSF Report
9/21/2020,9/27/2020,1761,0,116,63,4463,186,5,Summer In-Season Coho Estimates
9/21/2020,9/27/2020,310,25,0,26,10,134,11,Chinook Summer 2020 MSF Report
9/28/2020,9/30/2020,228,0,0,0,939,0,5,Summer In-Season Coho Estimates
9/28/2020,9/30/2020,151,13,0,20,4,51,11,Chinook Summer 2020 MSF Report
1/1/2021,1/3/2021,0,0,0,0,0,16,10,2021 Coho Report
1/1/2021,1/3/2021,0,0,0,0,0,16,10,Chinook Winter 2020-2021 MSF Report
1/4/2021,1/10/2021,0,0,0,43,0,24,10,2021 Coho Report
1/4/2021,1/10/2021,0,0,0,43,0,24,10,Chinook Winter 2020-2021 MSF Report
1/11/2021,1/17/2021,0,0,0,11,9,27,10,2021 Coho Report
1/11/2021,1/17/2021,0,0,0,11,9,27,10,Chinook Winter 2020-2021 MSF Report
1/18/2021,1/18/2021,0,0,0,0,0,0,10,2021 Coho Report
1/18/2021,1/18/2021,0,0,0,0,0,0,10,Chinook Winter 2020-2021 MSF Report
6/16/2021,6/20/2021,107,135,0,28,34,123,10,2021 Coho Report
6/16/2021,6/17/2021,2,0,0,0,0,0,11,2021 Coho Report
6/18/2021,6/18/2021,0,0,0,0,0,0,11,2021 Coho Report
6/19/2021,6/19/2021,0,0,0,0,0,0,11,2021 Coho Report
6/20/2021,6/20/2021,0,2,0,0,0,0,11,2021 Coho Report
6/21/2021,6/27/2021,279,409,0,70,81,212,10,2021 Coho Report
6/21/2021,6/24/2021,0,0,0,0,0,0,11,2021 Coho Report
6/25/2021,6/25/2021,0,0,0,0,0,0,11,2021 Coho Report
6/26/2021,6/26/2021,0,0,0,0,0,0,11,2021 Coho Report
6/27/2021,6/27/2021,0,0,0,0,0,0,11,2021 Coho Report
6/28/2021,7/4/2021,297,406,0,80,56,326,10,2021 Coho Report
6/28/2021,7/1/2021,0,0,0,0,0,0,11,2021 Coho Report
7/1/2021,7/4/2021,10,0,0,2,20,39,6,2021 Coho Report
7/1/2021,7/1/2021,0,0,0,4,4,9,7,2021 Coho Report
7/1/2021,7/4/2021,57,0,0,31,70,25,5,Summer In-Season Coho Estimates
7/2/2021,7/2/2021,0,0,0,0,0,0,7,2021 Coho Report
7/2/2021,7/2/2021,0,0,0,0,0,0,11,2021 Coho Report
7/3/2021,7/4/2021,0,0,0,10,0,10,7,2021 Coho Report
7/3/2021,7/4/2021,0,0,0,0,0,0,11,2021 Coho Report
7/5/2021,7/11/2021,264,464,0,138,76,281,10,2021 Coho Report
7/5/2021,7/11/2021,3,0,0,12,16,13,6,2021 Coho Report
7/5/2021,7/7/2021,0,0,0,0,0,0,7,2021 Coho Report
7/5/2021,7/8/2021,4,0,0,0,4,17,11,2021 Coho Report
7/5/2021,7/11/2021,106,0,0,96,157,69,5,Summer In-Season Coho Estimates
7/9/2021,7/9/2021,2,0,0,0,0,4,11,2021 Coho Report
7/10/2021,7/10/2021,0,0,0,0,0,0,11,2021 Coho Report
7/11/2021,7/11/2021,10,2,0,0,0,0,11,2021 Coho Report
7/12/2021,7/15/2021,105,204,0,0,57,295,10,2021 Coho Report
7/12/2021,7/18/2021,8,0,0,3,16,12,6,2021 Coho Report
7/12/2021,7/15/2021,15,9,0,0,0,0,11,2021 Coho Report
7/12/2021,7/18/2021,161,0,0,97,116,10,5,Summer In-Season Coho Estimates
7/16/2021,7/16/2021,71,85,0,27,13,63,10,2021 Coho Report
7/16/2021,7/16/2021,151,20,0,104,108,35,9,2021 Coho Report
7/16/2021,7/16/2021,16,4,0,8,2,0,11,2021 Coho Report
7/17/2021,7/17/2021,133,113,0,46,63,67,10,2021 Coho Report
7/17/2021,7/17/2021,219,3,0,21,90,90,9,2021 Coho Report
7/17/2021,7/17/2021,2,0,0,9,4,0,11,2021 Coho Report
7/18/2021,7/18/2021,84,165,0,49,42,118,10,2021 Coho Report
7/18/2021,7/18/2021,130,30,0,48,91,33,9,2021 Coho Report
7/18/2021,7/18/2021,15,2,0,0,2,4,11,2021 Coho Report
7/19/2021,7/22/2021,110,222,0,134,79,163,10,2021 Coho Report
7/19/2021,7/25/2021,4,0,0,3,0,9,6,2021 Coho Report
7/19/2021,7/22/2021,272,24,0,154,296,54,9,2021 Coho Report
7/19/2021,7/22/2021,9,0,0,0,0,4,11,2021 Coho Report
7/19/2021,7/25/2021,53,0,0,60,59,0,5,Summer In-Season Coho Estimates
7/23/2021,7/23/2021,49,41,0,5,25,89,10,2021 Coho Report
7/23/2021,7/23/2021,183,11,0,66,76,67,9,2021 Coho Report
7/23/2021,7/23/2021,29,19,0,0,0,0,11,2021 Coho Report
7/24/2021,7/24/2021,79,98,0,13,188,85,10,2021 Coho Report
7/24/2021,7/24/2021,26,0,0,78,39,65,9,2021 Coho Report
7/24/2021,7/24/2021,25,11,0,3,2,0,11,2021 Coho Report
7/25/2021,7/25/2021,52,113,0,27,22,110,10,2021 Coho Report
7/25/2021,7/25/2021,82,6,0,48,82,21,9,2021 Coho Report
7/25/2021,7/25/2021,8,0,0,0,0,3,11,2021 Coho Report
7/26/2021,7/29/2021,152,256,0,109,11,251,10,2021 Coho Report
7/26/2021,8/1/2021,0,0,0,3,20,33,6,2021 Coho Report
7/26/2021,7/29/2021,170,7,0,0,192,20,9,2021 Coho Report
7/26/2021,7/29/2021,44,4,0,4,0,0,11,2021 Coho Report
7/26/2021,8/1/2021,56,0,0,62,66,0,5,Summer In-Season Coho Estimates
7/30/2021,7/30/2021,78,120,0,20,33,78,10,2021 Coho Report
7/30/2021,7/30/2021,48,3,0,23,51,9,9,2021 Coho Report
7/30/2021,7/30/2021,11,6,0,0,0,0,11,2021 Coho Report
7/31/2021,7/31/2021,106,120,0,63,3,59,10,2021 Coho Report
7/31/2021,7/31/2021,56,0,0,12,86,3,9,2021 Coho Report
7/31/2021,7/31/2021,15,2,0,2,0,0,11,2021 Coho Report
8/1/2021,8/1/2021,77,136,0,15,8,87,10,2021 Coho Report
8/1/2021,8/1/2021,62,15,0,28,44,49,9,2021 Coho Report
8/1/2021,8/1/2021,21,2,0,15,10,0,11,2021 Coho Report
8/2/2021,8/5/2021,116,166,0,60,11,170,10,2021 Coho Report
8/2/2021,8/3/2021,2,0,0,0,0,4,6,2021 Coho Report
8/2/2021,8/5/2021,158,44,0,57,232,25,9,2021 Coho Report
8/2/2021,8/5/2021,36,18,0,37,18,0,11,2021 Coho Report
8/2/2021,8/8/2021,27,0,0,11,14,0,5,Summer In-Season Coho Estimates
8/4/2021,8/8/2021,2,0,0,0,19,0,6,2021 Coho Report
8/6/2021,8/6/2021,25,26,0,5,3,5,10,2021 Coho Report
8/6/2021,8/6/2021,35,0,0,0,0,0,9,2021 Coho Report
8/6/2021,8/6/2021,7,2,0,2,0,0,11,2021 Coho Report
8/7/2021,8/7/2021,33,28,0,3,11,21,10,2021 Coho Report
8/7/2021,8/7/2021,42,3,0,5,24,5,9,2021 Coho Report
8/7/2021,8/7/2021,13,5,0,6,0,0,11,2021 Coho Report
8/8/2021,8/8/2021,42,54,0,14,11,51,10,2021 Coho Report
8/8/2021,8/8/2021,36,5,0,3,59,10,9,2021 Coho Report
8/8/2021,8/8/2021,10,0,0,5,0,4,11,2021 Coho Report
8/9/2021,8/12/2021,75,108,0,59,53,37,10,2021 Coho Report
8/9/2021,8/15/2021,2,0,0,0,127,2,6,2021 Coho Report
8/9/2021,8/12/2021,19,18,0,0,140,18,9,2021 Coho Report
8/9/2021,8/12/2021,36,0,0,5,0,0,11,2021 Coho Report
8/9/2021,8/15/2021,143,18,6,27,177,9,5,Summer In-Season Coho Estimates
8/13/2021,8/13/2021,37,29,0,30,3,31,10,2021 Coho Report
8/13/2021,8/13/2021,47,13,0,0,57,5,9,2021 Coho Report
8/13/2021,8/13/2021,2,0,0,0,0,0,11,2021 Coho Report
8/14/2021,8/14/2021,109,75,0,3,14,22,10,2021 Coho Report
8/14/2021,8/15/2021,7,5,0,0,56,9,82,2021 Coho Report
8/14/2021,8/14/2021,13,3,0,8,31,5,9,2021 Coho Report
8/14/2021,8/14/2021,0,0,0,0,0,2,11,2021 Coho Report
8/15/2021,8/15/2021,43,33,0,11,22,31,10,2021 Coho Report
8/15/2021,8/15/2021,37,0,0,3,26,5,9,2021 Coho Report
8/15/2021,8/15/2021,7,4,0,0,0,6,11,2021 Coho Report
8/16/2021,8/19/2021,86,123,0,17,6,61,10,2021 Coho Report
8/16/2021,8/22/2021,22,5,0,2,118,0,6,2021 Coho Report
8/16/2021,8/22/2021,20,27,0,3,122,18,82,2021 Coho Report
8/16/2021,8/19/2021,60,6,0,0,150,0,9,2021 Coho Report
8/16/2021,8/19/2021,25,10,0,0,0,10,11,2021 Coho Report
8/16/2021,8/22/2021,126,14,6,23,184,12,5,Summer In-Season Coho Estimates
8/20/2021,8/20/2021,56,48,0,20,10,28,10,2021 Coho Report
8/20/2021,8/20/2021,16,8,0,0,21,0,9,2021 Coho Report
8/20/2021,8/20/2021,4,0,0,0,0,0,11,2021 Coho Report
8/21/2021,8/21/2021,64,78,0,22,5,37,10,2021 Coho Report
8/21/2021,8/21/2021,65,0,0,0,66,3,9,2021 Coho Report
8/21/2021,8/21/2021,26,6,0,0,2,0,11,2021 Coho Report
8/22/2021,8/22/2021,17,21,0,3,7,0,10,2021 Coho Report
8/22/2021,8/22/2021,48,0,0,0,28,0,9,2021 Coho Report
8/22/2021,8/22/2021,2,0,0,0,0,0,11,2021 Coho Report
8/23/2021,8/26/2021,75,72,0,16,39,16,10,2021 Coho Report
8/23/2021,8/29/2021,94,0,0,18,87,0,6,2021 Coho Report
8/23/2021,8/29/2021,83,35,0,3,225,13,82,2021 Coho Report
8/23/2021,8/26/2021,105,7,0,21,39,6,9,2021 Coho Report
8/23/2021,8/24/2021,53,14,0,0,0,24,11,2021 Coho Report
8/23/2021,8/29/2021,2476,23,42,311,2667,251,5,Summer In-Season Coho Estimates
8/25/2021,8/26/2021,20,7,0,7,0,0,11,2021 Coho Report
8/27/2021,8/27/2021,44,39,0,3,3,8,10,2021 Coho Report
8/27/2021,8/27/2021,102,5,0,3,119,0,9,2021 Coho Report
8/27/2021,8/27/2021,7,0,0,5,0,0,11,2021 Coho Report
8/28/2021,8/28/2021,108,148,0,19,7,84,10,2021 Coho Report
8/28/2021,8/28/2021,128,3,0,22,151,15,9,2021 Coho Report
8/28/2021,8/28/2021,42,12,0,7,0,24,11,2021 Coho Report
8/29/2021,8/29/2021,114,113,0,23,14,76,10,2021 Coho Report
8/29/2021,8/29/2021,70,3,0,3,96,0,9,2021 Coho Report
8/29/2021,8/29/2021,23,0,0,0,2,9,11,2021 Coho Report
8/30/2021,9/2/2021,228,283,0,74,14,234,10,2021 Coho Report
8/30/2021,9/5/2021,132,0,0,6,189,7,6,2021 Coho Report
8/30/2021,9/5/2021,719,67,4,18,555,7,82,2021 Coho Report
8/30/2021,9/2/2021,206,5,0,25,163,0,9,2021 Coho Report
8/30/2021,9/2/2021,114,51,0,5,0,0,11,2021 Coho Report
8/30/2021,9/5/2021,3246,10,42,375,3386,255,5,Summer In-Season Coho Estimates
9/3/2021,9/3/2021,172,199,0,12,7,73,10,2021 Coho Report
9/3/2021,9/3/2021,179,23,0,81,238,12,9,2021 Coho Report
9/3/2021,9/3/2021,38,35,0,0,0,0,11,2021 Coho Report
9/4/2021,9/4/2021,151,179,0,12,17,63,10,2021 Coho Report
9/4/2021,9/4/2021,286,15,0,23,150,14,9,2021 Coho Report
9/4/2021,9/4/2021,83,70,0,0,0,10,11,2021 Coho Report
9/5/2021,9/5/2021,160,171,0,22,9,65,10,2021 Coho Report
9/5/2021,9/5/2021,319,12,0,6,165,12,9,2021 Coho Report
9/5/2021,9/5/2021,28,17,0,0,0,2,11,2021 Coho Report
9/6/2021,9/9/2021,957,979,0,62,155,288,10,2021 Coho Report
9/6/2021,9/12/2021,564,3,3,72,485,24,6,2021 Coho Report
9/6/2021,9/12/2021,679,29,0,26,458,8,82,2021 Coho Report
9/6/2021,9/9/2021,477,12,0,24,608,83,9,2021 Coho Report
9/6/2021,9/9/2021,289,218,0,21,41,50,11,2021 Coho Report
9/6/2021,9/12/2021,6416,33,27,464,8041,117,5,Summer In-Season Coho Estimates
9/10/2021,9/10/2021,254,269,0,53,10,138,10,2021 Coho Report
9/10/2021,9/10/2021,314,31,0,3,357,6,9,2021 Coho Report
9/10/2021,9/10/2021,39,9,0,5,2,14,11,2021 Coho Report
9/11/2021,9/11/2021,556,431,0,47,61,184,10,2021 Coho Report
9/11/2021,9/11/2021,382,11,0,31,326,36,9,2021 Coho Report
9/11/2021,9/11/2021,63,40,0,0,0,7,11,2021 Coho Report
9/12/2021,9/12/2021,247,210,0,40,19,104,10,2021 Coho Report
9/12/2021,9/12/2021,83,0,0,0,77,0,9,2021 Coho Report
9/12/2021,9/12/2021,96,32,0,0,3,0,11,2021 Coho Report
9/13/2021,9/16/2021,806,810,0,75,86,306,10,2021 Coho Report
9/13/2021,9/19/2021,393,3,3,55,495,24,6,2021 Coho Report
9/13/2021,9/19/2021,1312,20,0,103,1009,7,82,2021 Coho Report
9/13/2021,9/16/2021,651,129,0,24,447,18,9,2021 Coho Report
9/13/2021,9/16/2021,214,63,0,15,43,28,11,2021 Coho Report
9/13/2021,9/19/2021,4184,14,0,245,5660,124,5,Summer In-Season Coho Estimates
9/17/2021,9/17/2021,54,66,0,0,5,7,10,2021 Coho Report
9/17/2021,9/17/2021,6,0,0,0,0,0,9,2021 Coho Report
9/17/2021,9/17/2021,32,15,0,0,0,0,11,2021 Coho Report
9/18/2021,9/18/2021,48,68,0,3,3,33,10,2021 Coho Report
9/18/2021,9/18/2021,3,0,0,0,6,0,9,2021 Coho Report
9/18/2021,9/18/2021,12,5,0,0,0,0,11,2021 Coho Report
9/19/2021,9/19/2021,176,195,0,10,17,67,10,2021 Coho Report
9/19/2021,9/19/2021,325,0,0,9,318,9,9,2021 Coho Report
9/19/2021,9/19/2021,74,10,0,8,8,13,11,2021 Coho Report
9/20/2021,9/23/2021,1230,1234,0,150,99,499,10,2021 Coho Report
9/20/2021,9/26/2021,827,6,14,27,2035,79,6,2021 Coho Report
9/20/2021,9/23/2021,897,6,0,23,1005,99,9,2021 Coho Report
9/20/2021,9/23/2021,257,132,0,17,11,145,11,2021 Coho Report
9/20/2021,9/26/2021,1751,22,0,288,3864,169,5,Summer In-Season Coho Estimates
9/24/2021,9/24/2021,131,0,0,0,180,38,9,2021 Coho Report
9/24/2021,9/24/2021,124,42,0,10,3,12,11,2021 Coho Report
9/24/2021,9/24/2021,108,105,0,58,25,68,10,2021 Coho Report
9/25/2021,9/25/2021,104,10,0,10,203,37,9,2021 Coho Report
9/25/2021,9/26/2021,115,1,0,0,0,0,9,2021 Coho Report
9/25/2021,9/25/2021,101,53,0,0,0,13,11,2021 Coho Report
9/25/2021,9/25/2021,225,346,0,57,12,180,10,2021 Coho Report
9/25/2021,9/26/2021,69,128,0,0,0,0,10,2021 Coho Report
9/26/2021,9/26/2021,18,0,0,0,6,0,9,2021 Coho Report
9/26/2021,9/26/2021,22,11,0,2,6,7,11,2021 Coho Report
9/26/2021,9/26/2021,36,48,0,2,5,15,10,2021 Coho Report
9/27/2021,9/30/2021,220,3,0,0,661,47,6,2021 Coho Report
9/27/2021,9/30/2021,37,6,0,0,74,34,9,2021 Coho Report
9/27/2021,9/30/2021,52,23,0,11,0,0,11,2021 Coho Report
9/27/2021,9/30/2021,115,118,0,7,0,20,10,2021 Coho Report
9/27/2021,9/30/2021,645,16,0,94,1359,52,5,Summer In-Season Coho Estimates
10/1/2021,10/3/2021,132,73,0,10,0,14,11,2021 Coho Report
10/1/2021,10/3/2021,403,815,0,184,63,470,10,2021 Coho Report
10/4/2021,10/10/2021,21,9,0,14,4,52,11,2021 Coho Report
10/4/2021,10/10/2021,39,97,0,68,0,101,10,2021 Coho Report
10/11/2021,10/17/2021,14,13,0,7,0,27,11,2021 Coho Report
10/11/2021,10/17/2021,19,28,0,29,0,7,10,2021 Coho Report
10/18/2021,10/24/2021,0,0,0,0,0,0,11,2021 Coho Report
10/18/2021,10/24/2021,0,0,0,0,0,7,10,2021 Coho Report
10/25/2021,10/31/2021,0,0,0,0,0,4,11,2021 Coho Report
10/25/2021,10/31/2021,0,0,0,0,0,0,10,2021 Coho Report
1/1/2022,1/2/2022,0,0,0,0,0,0,10,2022 In-season Estimates
1/3/2022,1/3/2022,0,0,0,0,0,0,10,2022 In-season Estimates
1/8/2022,1/8/2022,0,0,0,0,0,0,10,2022 In-season Estimates
1/9/2022,1/9/2022,0,0,0,0,0,0,10,2022 In-season Estimates
1/10/2022,1/10/2022,0,0,0,0,0,0,10,2022 In-season Estimates
2/24/2022,2/24/2022,0,0,0,0,0,0,10,2022 In-season Estimates
2/25/2022,2/25/2022,0,7,0,0,0,0,10,2022 In-season Estimates
2/26/2022,2/26/2022,0,0,0,0,0,0,10,2022 In-season Estimates
3/3/2022,3/3/2022,0,0,0,0,5,0,10,2022 In-season Estimates
3/4/2022,3/4/2022,0,0,0,0,0,0,10,2022 In-season Estimates
3/5/2022,3/5/2022,0,0,0,4,0,0,10,2022 In-season Estimates
3/10/2022,3/10/2022,0,0,0,0,0,0,10,2022 In-season Estimates
3/11/2022,3/11/2022,0,0,0,0,0,0,10,2022 In-season Estimates
3/12/2022,3/12/2022,0,0,0,0,0,0,10,2022 In-season Estimates
3/16/2022,3/17/2022,0,0,0,0,0,0,10,2022 In-season Estimates
3/18/2022,3/18/2022,0,0,0,0,0,0,10,2022 In-season Estimates
3/19/2022,3/19/2022,0,0,0,0,0,0,10,2022 In-season Estimates
3/20/2022,3/20/2022,0,0,0,0,0,0,10,2022 In-season Estimates
3/21/2022,3/24/2022,0,0,0,0,0,0,10,2022 In-season Estimates
3/25/2022,3/25/2022,0,0,0,0,0,0,10,2022 In-season Estimates
3/26/2022,3/26/2022,0,0,0,0,0,0,10,2022 In-season Estimates
3/27/2022,3/27/2022,0,0,0,0,0,0,10,2022 In-season Estimates
3/28/2022,3/31/2022,0,0,0,0,0,0,10,2022 In-season Estimates
6/1/2022,6/2/2022,0,0,0,0,0,0,11,2022 In-season Estimates
6/3/2022,6/3/2022,0,0,0,0,0,0,11,2022 In-season Estimates
6/16/2022,6/16/2022,32,41,0,5,0,23,10,2022 In-season Estimates
6/17/2022,6/19/2022,119,206,0,10,0,10,10,2022 In-season Estimates
6/20/2022,6/23/2022,219,309,0,0,0,18,10,2022 In-season Estimates
6/24/2022,6/24/2022,69,130,0,0,0,17,10,2022 In-season Estimates
6/25/2022,6/25/2022,141,196,0,0,4,33,10,2022 In-season Estimates
6/26/2022,6/26/2022,108,180,0,6,23,31,10,2022 In-season Estimates
6/27/2022,6/30/2022,248,661,0,18,74,93,10,2022 In-season Estimates
7/1/2022,7/1/2022,49,0,0,0,9,4,5,2022 In-season Estimates
7/1/2022,7/1/2022,3,0,0,2,2,0,6,2022 In-season Estimates
7/1/2022,7/1/2022,36,128,0,19,13,15,10,2022 In-season Estimates
7/1/2022,7/1/2022,4,2,0,0,0,0,11,2022 In-season Estimates
7/2/2022,7/2/2022,192,4,0,14,76,34,5,2022 In-season Estimates
7/2/2022,7/2/2022,12,2,0,2,8,3,6,2022 In-season Estimates
7/2/2022,7/2/2022,54,201,0,11,9,14,10,2022 In-season Estimates
7/2/2022,7/2/2022,26,0,0,0,0,0,11,2022 In-season Estimates
7/3/2022,7/4/2022,145,0,0,16,120,53,5,2022 In-season Estimates
7/3/2022,7/4/2022,83,0,0,27,23,3,6,2022 In-season Estimates
7/3/2022,7/4/2022,40,103,0,11,0,65,10,2022 In-season Estimates
7/5/2022,7/7/2022,37,0,0,14,18,32,6,2022 In-season Estimates
7/5/2022,7/7/2022,65,59,0,21,0,21,10,2022 In-season Estimates
7/6/2022,7/6/2022,446,6,0,34,519,103,5,2022 In-season Estimates
7/6/2022,7/7/2022,0,8,0,0,4,0,11,2022 In-season Estimates
7/8/2022,7/8/2022,137,0,0,26,141,12,5,2022 In-season Estimates
7/8/2022,7/8/2022,88,2,0,0,25,24,6,2022 In-season Estimates
7/8/2022,7/8/2022,6,31,0,3,0,19,10,2022 In-season Estimates
7/8/2022,7/8/2022,0,0,0,0,2,2,11,2022 In-season Estimates
7/9/2022,7/9/2022,96,5,0,8,33,24,6,2022 In-season Estimates
7/9/2022,7/9/2022,28,67,0,12,3,24,10,2022 In-season Estimates
7/9/2022,7/9/2022,8,4,0,6,4,4,11,2022 In-season Estimates
7/10/2022,7/10/2022,49,2,0,11,91,11,5,2022 In-season Estimates
7/10/2022,7/10/2022,163,0,0,9,65,44,6,2022 In-season Estimates
7/10/2022,7/10/2022,27,38,0,0,11,19,10,2022 In-season Estimates
7/11/2022,7/14/2022,27,3,0,9,12,12,6,2022 In-season Estimates
7/11/2022,7/13/2022,17,75,0,0,0,169,10,2022 In-season Estimates
7/12/2022,7/12/2022,76,0,0,0,25,42,5,2022 In-season Estimates
7/14/2022,7/14/2022,14,0,0,0,49,0,5,2022 In-season Estimates
7/14/2022,7/14/2022,0,0,0,0,6,0,7,2022 In-season Estimates
7/14/2022,7/14/2022,93,11,0,0,88,18,9,2022 In-season Estimates
7/14/2022,7/14/2022,42,112,0,23,31,90,10,2022 In-season Estimates
7/15/2022,7/15/2022,14,0,0,2,11,6,6,2022 In-season Estimates
7/15/2022,7/15/2022,11,0,0,3,0,0,7,2022 In-season Estimates
7/15/2022,7/15/2022,14,5,0,9,34,14,9,2022 In-season Estimates
7/15/2022,7/15/2022,21,60,0,15,0,34,10,2022 In-season Estimates
7/16/2022,7/16/2022,53,0,0,0,52,4,5,2022 In-season Estimates
7/16/2022,7/16/2022,8,0,0,0,8,2,6,2022 In-season Estimates
7/16/2022,7/16/2022,0,0,0,0,3,0,7,2022 In-season Estimates
7/16/2022,7/16/2022,34,6,0,9,60,23,9,2022 In-season Estimates
7/16/2022,7/16/2022,82,115,0,18,24,16,10,2022 In-season Estimates
7/17/2022,7/17/2022,5,0,0,0,5,0,6,2022 In-season Estimates
7/17/2022,7/17/2022,141,208,0,23,27,59,10,2022 In-season Estimates
7/18/2022,7/18/2022,141,0,0,18,138,2,5,2022 In-season Estimates
7/18/2022,7/21/2022,113,12,0,18,76,27,6,2022 In-season Estimates
7/18/2022,7/21/2022,194,230,0,60,95,228,10,2022 In-season Estimates
7/20/2022,7/20/2022,277,0,0,31,312,30,5,2022 In-season Estimates
7/21/2022,7/21/2022,0,0,0,0,6,0,7,2022 In-season Estimates
7/21/2022,7/21/2022,45,15,0,132,45,23,9,2022 In-season Estimates
7/22/2022,7/22/2022,80,0,0,10,41,2,5,2022 In-season Estimates
7/22/2022,7/22/2022,5,0,0,9,14,2,6,2022 In-season Estimates
7/22/2022,7/22/2022,14,0,0,0,0,0,7,2022 In-season Estimates
7/22/2022,7/22/2022,46,5,0,13,36,11,9,2022 In-season Estimates
7/22/2022,7/22/2022,25,66,0,19,12,16,10,2022 In-season Estimates
7/23/2022,7/23/2022,21,2,0,0,12,5,6,2022 In-season Estimates
7/23/2022,7/23/2022,28,0,0,0,33,0,7,2022 In-season Estimates
7/23/2022,7/23/2022,77,6,0,26,90,17,9,2022 In-season Estimates
7/23/2022,7/23/2022,131,243,0,38,50,74,10,2022 In-season Estimates
7/24/2022,7/24/2022,218,2,0,19,175,6,5,2022 In-season Estimates
7/24/2022,7/24/2022,142,287,0,31,54,86,10,2022 In-season Estimates
7/25/2022,7/28/2022,146,0,0,30,95,0,5,2022 In-season Estimates
7/25/2022,7/28/2022,126,225,0,82,113,70,10,2022 In-season Estimates
7/27/2022,7/28/2022,3,2,0,0,5,0,6,2022 In-season Estimates
7/28/2022,7/28/2022,3,0,0,0,0,0,7,2022 In-season Estimates
7/28/2022,7/28/2022,18,0,0,11,25,4,9,2022 In-season Estimates
7/29/2022,7/29/2022,69,0,0,13,93,12,5,2022 In-season Estimates
7/29/2022,7/31/2022,38,0,0,2,9,7,6,2022 In-season Estimates
7/29/2022,7/29/2022,0,0,0,0,0,0,7,2022 In-season Estimates
7/29/2022,7/29/2022,56,4,0,17,53,40,9,2022 In-season Estimates
7/29/2022,7/29/2022,28,61,0,9,25,17,10,2022 In-season Estimates
7/30/2022,7/30/2022,117,0,0,11,128,23,5,2022 In-season Estimates
7/30/2022,7/30/2022,0,0,0,0,14,0,7,2022 In-season Estimates
7/30/2022,7/30/2022,126,0,0,0,33,33,9,2022 In-season Estimates
7/30/2022,7/30/2022,42,112,0,59,31,70,10,2022 In-season Estimates
7/31/2022,7/31/2022,36,3,0,5,79,0,5,2022 In-season Estimates
7/31/2022,7/31/2022,17,6,0,3,29,41,9,2022 In-season Estimates
7/31/2022,7/31/2022,42,115,0,24,13,91,10,2022 In-season Estimates
8/1/2022,8/7/2022,0,0,0,0,0,0,81,2022 In-season Estimates
8/1/2022,8/4/2022,99,0,0,0,104,0,5,2022 In-season Estimates
8/1/2022,8/4/2022,3,0,0,0,0,0,6,2022 In-season Estimates
8/1/2022,8/4/2022,111,7,0,14,111,63,9,2022 In-season Estimates
8/1/2022,8/4/2022,56,191,0,102,18,122,10,2022 In-season Estimates
8/3/2022,8/4/2022,52,20,0,11,8,5,11,2022 In-season Estimates
8/5/2022,8/5/2022,66,3,0,3,50,0,5,2022 In-season Estimates
8/5/2022,8/5/2022,4,0,0,0,2,0,6,2022 In-season Estimates
8/5/2022,8/5/2022,13,0,0,5,8,3,9,2022 In-season Estimates
8/5/2022,8/5/2022,6,34,0,10,0,20,10,2022 In-season Estimates
8/5/2022,8/5/2022,35,10,0,2,0,9,11,2022 In-season Estimates
8/6/2022,8/6/2022,64,0,0,13,67,11,5,2022 In-season Estimates
8/6/2022,8/6/2022,10,0,0,6,8,25,6,2022 In-season Estimates
8/6/2022,8/6/2022,5,0,0,0,18,0,9,2022 In-season Estimates
8/6/2022,8/6/2022,29,29,0,34,8,42,10,2022 In-season Estimates
8/6/2022,8/6/2022,41,7,0,2,0,9,11,2022 In-season Estimates
8/7/2022,8/7/2022,52,0,0,0,32,6,5,2022 In-season Estimates
8/7/2022,8/7/2022,2,0,0,0,0,0,6,2022 In-season Estimates
8/7/2022,8/7/2022,5,0,0,10,26,0,9,2022 In-season Estimates
8/7/2022,8/7/2022,8,37,0,3,8,55,10,2022 In-season Estimates
8/8/2022,8/14/2022,3,0,0,5,0,0,81,2022 In-season Estimates
8/8/2022,8/11/2022,156,6,0,21,215,0,5,2022 In-season Estimates
8/8/2022,8/11/2022,27,0,0,0,19,0,6,2022 In-season Estimates
8/8/2022,8/11/2022,28,0,0,26,0,57,9,2022 In-season Estimates
8/8/2022,8/11/2022,30,70,0,42,7,34,10,2022 In-season Estimates
8/10/2022,8/11/2022,80,14,0,12,7,5,11,2022 In-season Estimates
8/12/2022,8/12/2022,68,0,0,0,28,0,5,2022 In-season Estimates
8/12/2022,8/12/2022,6,0,0,0,2,0,6,2022 In-season Estimates
8/12/2022,8/12/2022,5,0,0,0,16,5,9,2022 In-season Estimates
8/12/2022,8/12/2022,8,41,0,0,0,19,10,2022 In-season Estimates
8/12/2022,8/12/2022,26,19,0,7,5,2,11,2022 In-season Estimates
8/13/2022,8/13/2022,70,0,0,0,93,0,5,2022 In-season Estimates
8/13/2022,8/13/2022,16,0,0,0,8,0,6,2022 In-season Estimates
8/13/2022,8/14/2022,8,0,0,2,6,0,82,2022 In-season Estimates
8/13/2022,8/13/2022,25,0,0,5,46,42,9,2022 In-season Estimates
8/13/2022,8/13/2022,52,58,0,29,10,58,10,2022 In-season Estimates
8/13/2022,8/13/2022,72,7,0,12,2,8,11,2022 In-season Estimates
8/14/2022,8/14/2022,69,0,0,12,110,46,5,2022 In-season Estimates
8/14/2022,8/14/2022,4,0,0,2,6,15,6,2022 In-season Estimates
8/14/2022,8/14/2022,28,5,0,24,50,0,9,2022 In-season Estimates
8/14/2022,8/14/2022,39,93,0,19,6,54,10,2022 In-season Estimates
8/15/2022,8/21/2022,4,7,0,0,0,0,81,2022 In-season Estimates
8/15/2022,8/15/2022,39,1,0,5,54,0,5,2022 In-season Estimates
8/15/2022,8/18/2022,279,19,0,47,197,140,6,2022 In-season Estimates
8/15/2022,8/21/2022,30,3,0,13,64,46,82,2022 In-season Estimates
8/15/2022,8/18/2022,7,0,0,27,63,14,9,2022 In-season Estimates
8/15/2022,8/18/2022,125,196,0,188,27,222,10,2022 In-season Estimates
8/16/2022,8/18/2022,261,0,0,46,238,86,5,2022 In-season Estimates
8/16/2022,8/18/2022,13,0,0,0,114,0,7,2022 In-season Estimates
8/17/2022,8/18/2022,34,19,0,4,0,37,11,2022 In-season Estimates
8/19/2022,8/19/2022,55,0,0,0,57,0,5,2022 In-season Estimates
8/19/2022,8/19/2022,6,0,0,2,20,0,6,2022 In-season Estimates
8/19/2022,8/19/2022,0,0,0,0,30,0,7,2022 In-season Estimates
8/19/2022,8/19/2022,17,0,0,19,43,8,9,2022 In-season Estimates
8/19/2022,8/19/2022,23,51,0,13,6,34,10,2022 In-season Estimates
8/19/2022,8/19/2022,24,11,0,25,2,23,11,2022 In-season Estimates
8/20/2022,8/20/2022,89,4,0,3,67,0,5,2022 In-season Estimates
8/20/2022,8/20/2022,59,0,0,25,34,34,6,2022 In-season Estimates
8/20/2022,8/20/2022,9,0,0,0,52,0,7,2022 In-season Estimates
8/20/2022,8/20/2022,23,3,0,21,18,18,9,2022 In-season Estimates
8/20/2022,8/20/2022,96,156,0,26,38,88,10,2022 In-season Estimates
8/20/2022,8/20/2022,57,30,0,26,0,16,11,2022 In-season Estimates
8/21/2022,8/21/2022,184,0,0,6,177,3,5,2022 In-season Estimates
8/21/2022,8/21/2022,124,0,0,40,88,36,6,2022 In-season Estimates
8/21/2022,8/21/2022,0,0,0,0,13,0,7,2022 In-season Estimates
8/21/2022,8/21/2022,16,0,0,13,23,16,9,2022 In-season Estimates
8/21/2022,8/21/2022,84,113,0,36,26,109,10,2022 In-season Estimates
8/21/2022,8/21/2022,37,20,0,0,4,0,11,2022 In-season Estimates
8/22/2022,8/28/2022,17,31,0,0,16,5,81,2022 In-season Estimates
8/22/2022,8/25/2022,281,0,0,41,437,0,5,2022 In-season Estimates
8/22/2022,8/25/2022,27,0,0,4,8,118,6,2022 In-season Estimates
8/22/2022,8/25/2022,0,0,0,0,0,0,7,2022 In-season Estimates
8/22/2022,8/28/2022,35,0,0,13,140,15,82,2022 In-season Estimates
8/22/2022,8/25/2022,14,0,0,44,36,14,9,2022 In-season Estimates
8/22/2022,8/25/2022,121,254,0,97,47,283,10,2022 In-season Estimates
8/22/2022,8/25/2022,138,53,0,11,32,165,11,2022 In-season Estimates
8/26/2022,8/26/2022,0,0,0,0,6,0,5,2022 In-season Estimates
8/26/2022,8/26/2022,4,0,0,0,10,15,6,2022 In-season Estimates
8/26/2022,8/26/2022,0,0,0,0,24,0,7,2022 In-season Estimates
8/26/2022,8/26/2022,5,0,0,5,8,0,9,2022 In-season Estimates
8/26/2022,8/26/2022,32,50,0,5,6,61,10,2022 In-season Estimates
8/26/2022,8/26/2022,85,33,0,12,0,46,11,2022 In-season Estimates
8/27/2022,8/27/2022,85,0,0,4,80,0,5,2022 In-season Estimates
8/27/2022,8/27/2022,15,0,0,0,19,19,6,2022 In-season Estimates
8/27/2022,8/27/2022,0,0,0,0,0,0,7,2022 In-season Estimates
8/27/2022,8/27/2022,18,0,0,23,26,18,9,2022 In-season Estimates
8/27/2022,8/27/2022,66,51,0,29,13,59,10,2022 In-season Estimates
8/27/2022,8/27/2022,46,29,0,13,8,60,11,2022 In-season Estimates
8/28/2022,8/28/2022,66,0,0,13,58,0,5,2022 In-season Estimates
8/28/2022,8/28/2022,36,0,0,13,25,55,6,2022 In-season Estimates
8/28/2022,8/28/2022,14,0,0,0,27,0,7,2022 In-season Estimates
8/28/2022,8/28/2022,26,0,0,0,54,29,9,2022 In-season Estimates
8/28/2022,8/28/2022,181,204,0,67,32,75,10,2022 In-season Estimates
8/28/2022,8/28/2022,68,29,0,29,16,36,11,2022 In-season Estimates
8/29/2022,9/5/2022,64,95,0,0,11,0,81,2022 In-season Estimates
8/29/2022,9/1/2022,623,4,0,37,851,22,5,2022 In-season Estimates
8/29/2022,9/1/2022,92,0,0,107,72,19,6,2022 In-season Estimates
8/29/2022,9/1/2022,0,0,0,0,26,0,7,2022 In-season Estimates
8/29/2022,9/5/2022,58,8,0,30,148,81,82,2022 In-season Estimates
8/29/2022,9/1/2022,79,7,0,57,139,10,9,2022 In-season Estimates
8/29/2022,8/31/2022,252,358,0,148,154,150,10,2022 In-season Estimates
8/29/2022,9/1/2022,160,34,0,51,5,178,11,2022 In-season Estimates
9/1/2022,9/1/2022,64,100,0,7,34,23,10,2022 In-season Estimates
9/2/2022,9/2/2022,229,0,0,55,442,35,5,2022 In-season Estimates
9/2/2022,9/2/2022,40,0,0,13,27,11,6,2022 In-season Estimates
9/2/2022,9/2/2022,0,0,0,0,0,0,7,2022 In-season Estimates
9/2/2022,9/2/2022,75,18,0,8,34,75,9,2022 In-season Estimates
9/2/2022,9/2/2022,94,214,0,16,8,53,10,2022 In-season Estimates
9/2/2022,9/2/2022,42,19,0,33,33,39,11,2022 In-season Estimates
9/3/2022,9/3/2022,726,0,0,62,1009,18,5,2022 In-season Estimates
9/3/2022,9/3/2022,134,0,0,25,92,36,6,2022 In-season Estimates
9/3/2022,9/3/2022,13,9,0,0,56,0,7,2022 In-season Estimates
9/3/2022,9/3/2022,73,0,0,30,66,41,9,2022 In-season Estimates
9/3/2022,9/3/2022,46,16,0,7,0,112,11,2022 In-season Estimates
9/3/2022,9/3/2022,141,268,0,48,5,131,10,2022 In-season Estimates
9/4/2022,9/5/2022,1230,9,27,14,1948,143,5,2022 In-season Estimates
9/4/2022,9/5/2022,282,0,0,76,214,137,6,2022 In-season Estimates
9/4/2022,9/5/2022,52,0,0,9,129,0,7,2022 In-season Estimates
9/4/2022,9/5/2022,70,0,0,32,110,35,9,2022 In-season Estimates
9/4/2022,9/5/2022,80,10,0,26,24,153,11,2022 In-season Estimates
9/4/2022,9/5/2022,352,1114,0,16,59,144,10,2022 In-season Estimates
9/6/2022,9/11/2022,42,95,0,0,11,0,81,2022 In-season Estimates
9/6/2022,9/8/2022,362,0,0,0,1001,0,5,2022 In-season Estimates
9/6/2022,9/8/2022,155,0,0,109,149,143,6,2022 In-season Estimates
9/6/2022,9/8/2022,13,0,0,0,77,13,7,2022 In-season Estimates
9/6/2022,9/11/2022,75,3,3,20,153,95,82,2022 In-season Estimates
9/6/2022,9/8/2022,59,0,0,33,161,7,9,2022 In-season Estimates
9/6/2022,9/8/2022,332,94,0,21,21,236,11,2022 In-season Estimates
9/6/2022,9/8/2022,811,987,0,125,34,447,10,2022 In-season Estimates
9/9/2022,9/9/2022,149,0,0,20,181,0,5,2022 In-season Estimates
9/9/2022,9/9/2022,36,2,0,65,59,11,6,2022 In-season Estimates
9/9/2022,9/9/2022,13,0,0,0,4,4,7,2022 In-season Estimates
9/9/2022,9/9/2022,34,0,0,0,49,18,9,2022 In-season Estimates
9/9/2022,9/9/2022,57,15,0,2,0,17,11,2022 In-season Estimates
9/9/2022,9/9/2022,152,162,0,27,16,68,10,2022 In-season Estimates
9/10/2022,9/10/2022,195,0,0,21,206,2,5,2022 In-season Estimates
9/10/2022,9/10/2022,46,0,0,2,65,31,6,2022 In-season Estimates
9/10/2022,9/10/2022,77,4,0,0,189,30,7,2022 In-season Estimates
9/10/2022,9/10/2022,100,7,0,32,141,60,9,2022 In-season Estimates
9/10/2022,9/10/2022,71,17,0,44,15,47,11,2022 In-season Estimates
9/10/2022,9/10/2022,415,486,0,50,34,174,10,2022 In-season Estimates
9/11/2022,9/11/2022,470,0,2,28,514,21,5,2022 In-season Estimates
9/11/2022,9/11/2022,71,8,0,6,74,57,6,2022 In-season Estimates
9/11/2022,9/11/2022,27,0,0,5,219,0,7,2022 In-season Estimates
9/11/2022,9/11/2022,46,2,0,2,85,30,9,2022 In-season Estimates
9/11/2022,9/11/2022,77,22,0,42,15,25,11,2022 In-season Estimates
9/11/2022,9/11/2022,531,489,0,83,140,204,10,2022 In-season Estimates
9/12/2022,9/18/2022,65,123,0,0,17,0,81,2022 In-season Estimates
9/12/2022,9/15/2022,2567,22,0,121,4188,84,5,2022 In-season Estimates
9/12/2022,9/15/2022,156,0,0,34,99,42,6,2022 In-season Estimates
9/12/2022,9/15/2022,34,9,0,0,138,0,7,2022 In-season Estimates
9/12/2022,9/18/2022,317,7,0,63,793,116,82,2022 In-season Estimates
9/12/2022,9/15/2022,183,19,0,38,163,60,9,2022 In-season Estimates
9/12/2022,9/15/2022,124,24,0,106,44,110,11,2022 In-season Estimates
9/12/2022,9/15/2022,1877,1805,0,142,100,862,10,2022 In-season Estimates
9/16/2022,9/16/2022,785,8,0,17,1716,46,5,2022 In-season Estimates
9/16/2022,9/16/2022,17,0,0,27,29,13,6,2022 In-season Estimates
9/16/2022,9/16/2022,39,0,0,0,30,21,7,2022 In-season Estimates
9/16/2022,9/16/2022,115,0,0,0,211,22,9,2022 In-season Estimates
9/16/2022,9/16/2022,93,7,0,60,2,36,11,2022 In-season Estimates
9/16/2022,9/16/2022,758,478,0,48,16,213,10,2022 In-season Estimates
9/17/2022,9/17/2022,1089,6,0,38,1688,29,5,2022 In-season Estimates
9/17/2022,9/17/2022,269,0,0,23,322,145,6,2022 In-season Estimates
9/17/2022,9/17/2022,107,0,0,13,206,0,7,2022 In-season Estimates
9/17/2022,9/17/2022,233,5,0,9,390,100,9,2022 In-season Estimates
9/17/2022,9/17/2022,91,26,0,19,0,62,11,2022 In-season Estimates
9/17/2022,9/17/2022,878,558,0,91,24,256,10,2022 In-season Estimates
9/18/2022,9/18/2022,789,13,0,27,1615,9,5,2022 In-season Estimates
9/18/2022,9/18/2022,224,0,0,54,305,127,6,2022 In-season Estimates
9/18/2022,9/18/2022,52,0,0,9,249,0,7,2022 In-season Estimates
9/18/2022,9/18/2022,99,3,0,5,198,44,9,2022 In-season Estimates
9/18/2022,9/18/2022,80,19,0,21,5,37,11,2022 In-season Estimates
9/18/2022,9/18/2022,547,325,0,26,44,71,10,2022 In-season Estimates
9/19/2022,9/25/2022,39,102,0,0,14,3,81,2022 In-season Estimates
9/19/2022,9/22/2022,1820,64,0,112,3999,106,5,2022 In-season Estimates
9/19/2022,9/22/2022,866,0,0,282,1396,286,6,2022 In-season Estimates
9/19/2022,9/22/2022,112,0,0,0,120,189,7,2022 In-season Estimates
9/19/2022,9/19/2022,35,1,0,12,100,6,82,2022 In-season Estimates
9/19/2022,9/22/2022,264,23,0,14,368,79,9,2022 In-season Estimates
9/19/2022,9/22/2022,526,93,0,88,151,289,11,2022 In-season Estimates
9/19/2022,9/22/2022,1852,1374,0,379,162,584,10,2022 In-season Estimates
9/23/2022,9/23/2022,340,0,0,6,942,78,5,2022 In-season Estimates
9/23/2022,9/23/2022,157,0,0,8,222,39,6,2022 In-season Estimates
9/23/2022,9/23/2022,26,0,0,9,34,21,7,2022 In-season Estimates
9/23/2022,9/23/2022,119,5,0,36,328,27,9,2022 In-season Estimates
9/23/2022,9/23/2022,80,9,0,34,5,35,11,2022 In-season Estimates
9/23/2022,9/23/2022,415,239,0,8,16,88,10,2022 In-season Estimates
9/24/2022,9/24/2022,231,0,0,18,594,0,5,2022 In-season Estimates
9/24/2022,9/24/2022,196,0,0,46,307,31,6,2022 In-season Estimates
9/24/2022,9/24/2022,142,13,0,0,301,0,7,2022 In-season Estimates
9/24/2022,9/24/2022,380,13,0,21,463,147,9,2022 In-season Estimates
9/24/2022,9/24/2022,54,5,0,0,0,10,11,2022 In-season Estimates
9/24/2022,9/24/2022,716,477,0,69,45,116,10,2022 In-season Estimates
9/25/2022,9/25/2022,94,0,0,5,239,15,5,2022 In-season Estimates
9/25/2022,9/25/2022,202,2,0,29,431,46,6,2022 In-season Estimates
9/25/2022,9/25/2022,142,9,0,17,340,30,7,2022 In-season Estimates
9/25/2022,9/25/2022,153,0,0,75,298,148,9,2022 In-season Estimates
9/25/2022,9/25/2022,51,16,0,12,7,16,11,2022 In-season Estimates
9/25/2022,9/25/2022,433,347,0,13,21,59,10,2022 In-season Estimates
9/26/2022,10/2/2022,60,147,0,0,4,0,81,2022 In-season Estimates
9/26/2022,9/28/2022,469,0,0,22,1290,0,5,2022 In-season Estimates
9/26/2022,9/28/2022,34,0,0,3,80,34,6,2022 In-season Estimates
9/26/2022,9/29/2022,181,9,0,9,430,17,7,2022 In-season Estimates
9/26/2022,9/29/2022,45,39,0,83,49,272,11,2022 In-season Estimates
9/26/2022,9/29/2022,1118,809,0,183,96,798,10,2022 In-season Estimates
9/30/2022,9/30/2022,116,0,0,13,219,0,7,2022 In-season Estimates
9/30/2022,9/30/2022,28,2,0,16,5,38,11,2022 In-season Estimates
9/30/2022,9/30/2022,120,106,0,73,38,347,10,2022 In-season Estimates
10/1/2022,10/1/2022,28,4,0,6,3,31,11,2022 In-season Estimates
10/1/2022,10/1/2022,207,167,0,22,15,98,10,2022 In-season Estimates
10/2/2022,10/2/2022,42,16,0,30,7,100,11,2022 In-season Estimates
10/2/2022,10/2/2022,233,160,0,68,42,171,10,2022 In-season Estimates
10/3/2022,10/9/2022,26,73,0,0,4,3,81,2022 In-season Estimates
10/3/2022,10/6/2022,19,19,0,134,48,84,11,2022 In-season Estimates
10/3/2022,10/6/2022,193,163,0,94,130,190,10,2022 In-season Estimates
10/7/2022,10/7/2022,2,4,0,0,0,4,11,2022 In-season Estimates
10/7/2022,10/7/2022,47,80,0,36,28,166,10,2022 In-season Estimates
10/8/2022,10/8/2022,13,7,0,41,8,11,11,2022 In-season Estimates
10/8/2022,10/8/2022,50,73,0,22,22,143,10,2022 In-season Estimates
10/9/2022,10/9/2022,22,4,0,4,16,31,11,2022 In-season Estimates
10/9/2022,10/9/2022,44,59,0,42,7,115,10,2022 In-season Estimates
10/10/2022,10/13/2022,32,58,0,42,52,63,10,2022 In-season Estimates
10/10/2022,10/13/2022,4,0,0,0,0,37,11,2022 In-season Estimates
10/14/2022,10/14/2022,26,10,0,29,5,55,10,2022 In-season Estimates
10/14/2022,10/16/2022,3,3,0,17,7,35,11,2022 In-season Estimates
10/15/2022,10/15/2022,3,11,0,18,9,20,10,2022 In-season Estimates
10/16/2022,10/16/2022,5,13,0,13,10,46,10,2022 In-season Estimates
10/17/2022,10/20/2022,0,5,0,0,0,21,10,2022 In-season Estimates
10/17/2022,10/20/2022,0,0,0,0,0,55,11,2022 In-season Estimates
10/21/2022,10/21/2022,5,5,0,0,0,11,10,2022 In-season Estimates
10/21/2022,10/21/2022,0,0,0,0,0,11,11,2022 In-season Estimates
10/22/2022,10/22/2022,8,0,0,0,3,18,10,2022 In-season Estimates
10/22/2022,10/22/2022,0,0,0,6,2,0,11,2022 In-season Estimates
10/23/2022,10/23/2022,0,11,0,4,0,18,10,2022 In-season Estimates
10/23/2022,10/23/2022,0,0,0,57,25,11,11,2022 In-season Estimates
10/24/2022,10/27/2022,0,0,0,0,0,0,10,2022 In-season Estimates
10/24/2022,10/27/2022,0,0,0,0,0,0,11,2022 In-season Estimates
10/28/2022,10/28/2022,0,0,0,0,0,0,10,2022 In-season Estimates
10/28/2022,10/28/2022,0,0,0,0,0,0,11,2022 In-season Estimates
10/29/2022,10/29/2022,0,0,0,0,0,0,10,2022 In-season Estimates
10/29/2022,10/29/2022,4,0,0,0,0,0,11,2022 In-season Estimates
10/30/2022,10/30/2022,0,0,0,0,0,0,10,2022 In-season Estimates
10/30/2022,10/30/2022,2,0,0,2,0,0,11,2022 In-season Estimates
10/31/2022,10/31/2022,0,0,0,0,0,0,10,2022 In-season Estimates
10/31/2022,10/31/2022,0,0,0,0,0,0,11,2022 In-season Estimates
